id,season,city,date,team1,team2,toss_winner,result,dl_applied,winner,win_by_runs,win_by_wickets,player_of_match,venue,umpire1,umpire2,toss_decision,
1,2017,Hyderabad,2017-04-05,Sunrisers Hyderabad,Royal Challengers Bangalore,Royal Challengers Bangalore,normal,0,Sunrisers Hyderabad,35,0,Yuvraj Singh,"Rajiv Gandhi International Stadium, Uppal",AY Dandekar,NJ Llong,0,1
2,2017,Pune,2017-04-06,Mumbai Indians,Rising Pune Supergiant,Rising Pune Supergiant,normal,0,Rising Pune Supergiant,0,7,SPD Smith,Maharashtra Cricket Association Stadium,A Nand Kishore,S Ravi,0,
3,2017,Rajkot,2017-04-07,Gujarat Lions,Kolkata Knight Riders,Kolkata Knight Riders,normal,0,Kolkata Knight Riders,0,10,CA Lynn,Saurashtra Cricket Association Stadium,Nitin Menon,CK Nandan,0,
4,2017,Indore,2017-04-08,Rising Pune Supergiant,Kings XI Punjab,Kings XI Punjab,normal,0,Kings XI Punjab,0,6,GJ Maxwell,Holkar Cricket Stadium,AK Chaudhary,C Shamshuddin,0,
5,2017,Bangalore,2017-04-08,Royal Challengers Bangalore,Delhi Daredevils,Royal Challengers Bangalore,normal,0,Royal Challengers Bangalore,15,0,KM Jadhav,M Chinnaswamy Stadium,,,1,
6,2017,Hyderabad,2017-04-09,Gujarat Lions,Sunrisers Hyderabad,Sunrisers Hyderabad,normal,0,Sunrisers Hyderabad,0,9,Rashid Khan,"Rajiv Gandhi International Stadium, Uppal",A Deshmukh,NJ Llong,0,
7,2017,Mumbai,2017-04-09,Kolkata Knight Riders,Mumbai Indians,Mumbai Indians,normal,0,Mumbai Indians,0,4,N Rana,Wankhede Stadium,Nitin Menon,CK Nandan,0,
8,2017,Indore,2017-04-10,Royal Challengers Bangalore,Kings XI Punjab,Royal Challengers Bangalore,normal,0,Kings XI Punjab,0,8,AR Patel,Holkar Cricket Stadium,AK Chaudhary,C Shamshuddin,1,
9,2017,Pune,2017-04-11,Delhi Daredevils,Rising Pune Supergiant,Rising Pune Supergiant,normal,0,Delhi Daredevils,97,0,SV Samson,Maharashtra Cricket Association Stadium,AY Dandekar,S Ravi,0,
10,2017,Mumbai,2017-04-12,Sunrisers Hyderabad,Mumbai Indians,Mumbai Indians,normal,0,Mumbai Indians,0,4,JJ Bumrah,Wankhede Stadium,Nitin Menon,CK Nandan,0,
11,2017,Kolkata,2017-04-13,Kings XI Punjab,Kolkata Knight Riders,Kolkata Knight Riders,normal,0,Kolkata Knight Riders,0,8,SP Narine,Eden Gardens,A Deshmukh,NJ Llong,0,
12,2017,Bangalore,2017-04-14,Royal Challengers Bangalore,Mumbai Indians,Mumbai Indians,normal,0,Mumbai Indians,0,4,KA Pollard,M Chinnaswamy Stadium,KN Ananthapadmanabhan,AK Chaudhary,0,
13,2017,Rajkot,2017-04-14,Rising Pune Supergiant,Gujarat Lions,Gujarat Lions,normal,0,Gujarat Lions,0,7,AJ Tye,Saurashtra Cricket Association Stadium,A Nand Kishore,S Ravi,0,
14,2017,Kolkata,2017-04-15,Kolkata Knight Riders,Sunrisers Hyderabad,Sunrisers Hyderabad,normal,0,Kolkata Knight Riders,17,0,RV Uthappa,Eden Gardens,AY Dandekar,NJ Llong,0,
15,2017,Delhi,2017-04-15,Delhi Daredevils,Kings XI Punjab,Delhi Daredevils,normal,0,Delhi Daredevils,51,0,CJ Anderson,Feroz Shah Kotla,YC Barde,Nitin Menon,1,
16,2017,Mumbai,2017-04-16,Gujarat Lions,Mumbai Indians,Mumbai Indians,normal,0,Mumbai Indians,0,6,N Rana,Wankhede Stadium,A Nand Kishore,S Ravi,0,
17,2017,Bangalore,2017-04-16,Rising Pune Supergiant,Royal Challengers Bangalore,Royal Challengers Bangalore,normal,0,Rising Pune Supergiant,27,0,BA Stokes,M Chinnaswamy Stadium,KN Ananthapadmanabhan,C Shamshuddin,0,
18,2017,Delhi,2017-04-17,Delhi Daredevils,Kolkata Knight Riders,Delhi Daredevils,normal,0,Kolkata Knight Riders,0,4,NM Coulter-Nile,Feroz Shah Kotla,Nitin Menon,CK Nandan,1,
19,2017,Hyderabad,2017-04-17,Sunrisers Hyderabad,Kings XI Punjab,Kings XI Punjab,normal,0,Sunrisers Hyderabad,5,0,B Kumar,"Rajiv Gandhi International Stadium, Uppal",AY Dandekar,A Deshmukh,0,
20,2017,Rajkot,2017-04-18,Royal Challengers Bangalore,Gujarat Lions,Gujarat Lions,normal,0,Royal Challengers Bangalore,21,0,CH Gayle,Saurashtra Cricket Association Stadium,S Ravi,VK Sharma,0,
21,2017,Hyderabad,2017-04-19,Sunrisers Hyderabad,Delhi Daredevils,Sunrisers Hyderabad,normal,0,Sunrisers Hyderabad,15,0,KS Williamson,"Rajiv Gandhi International Stadium, Uppal",CB Gaffaney,NJ Llong,1,
22,2017,Indore,2017-04-20,Kings XI Punjab,Mumbai Indians,Mumbai Indians,normal,0,Mumbai Indians,0,8,JC Buttler,Holkar Cricket Stadium,M Erasmus,C Shamshuddin,0,
23,2017,Kolkata,2017-04-21,Kolkata Knight Riders,Gujarat Lions,Gujarat Lions,normal,0,Gujarat Lions,0,4,SK Raina,Eden Gardens,CB Gaffaney,Nitin Menon,0,
24,2017,Mumbai,2017-04-22,Mumbai Indians,Delhi Daredevils,Delhi Daredevils,normal,0,Mumbai Indians,14,0,MJ McClenaghan,Wankhede Stadium,A Nand Kishore,S Ravi,0,
25,2017,Pune,2017-04-22,Sunrisers Hyderabad,Rising Pune Supergiant,Rising Pune Supergiant,normal,0,Rising Pune Supergiant,0,6,MS Dhoni,Maharashtra Cricket Association Stadium,AY Dandekar,A Deshmukh,0,
26,2017,Rajkot,2017-04-23,Kings XI Punjab,Gujarat Lions,Gujarat Lions,normal,0,Kings XI Punjab,26,0,HM Amla,Saurashtra Cricket Association Stadium,AK Chaudhary,M Erasmus,0,
27,2017,Kolkata,2017-04-23,Kolkata Knight Riders,Royal Challengers Bangalore,Royal Challengers Bangalore,normal,0,Kolkata Knight Riders,82,0,NM Coulter-Nile,Eden Gardens,CB Gaffaney,CK Nandan,0,
28,2017,Mumbai,2017-04-24,Rising Pune Supergiant,Mumbai Indians,Mumbai Indians,normal,0,Rising Pune Supergiant,3,0,BA Stokes,Wankhede Stadium,A Nand Kishore,S Ravi,0,
29,2017,Pune,2017-04-26,Rising Pune Supergiant,Kolkata Knight Riders,Kolkata Knight Riders,normal,0,Kolkata Knight Riders,0,7,RV Uthappa,Maharashtra Cricket Association Stadium,AY Dandekar,NJ Llong,0,
30,2017,Bangalore,2017-04-27,Royal Challengers Bangalore,Gujarat Lions,Gujarat Lions,normal,0,Gujarat Lions,0,7,AJ Tye,M Chinnaswamy Stadium,AK Chaudhary,C Shamshuddin,0,
31,2017,Kolkata,2017-04-28,Delhi Daredevils,Kolkata Knight Riders,Kolkata Knight Riders,normal,0,Kolkata Knight Riders,0,7,G Gambhir,Eden Gardens,NJ Llong,S Ravi,0,
32,2017,Chandigarh,2017-04-28,Sunrisers Hyderabad,Kings XI Punjab,Kings XI Punjab,normal,0,Sunrisers Hyderabad,26,0,Rashid Khan,"Punjab Cricket Association IS Bindra Stadium, Mohali",Nitin Menon,CK Nandan,0,
33,2017,Pune,2017-04-29,Rising Pune Supergiant,Royal Challengers Bangalore,Royal Challengers Bangalore,normal,0,Rising Pune Supergiant,61,0,LH Ferguson,Maharashtra Cricket Association Stadium,KN Ananthapadmanabhan,M Erasmus,0,
34,2017,Rajkot,2017-04-29,Gujarat Lions,Mumbai Indians,Gujarat Lions,tie,0,Mumbai Indians,0,0,KH Pandya,Saurashtra Cricket Association Stadium,AK Chaudhary,CB Gaffaney,1,
35,2017,Chandigarh,2017-04-30,Delhi Daredevils,Kings XI Punjab,Kings XI Punjab,normal,0,Kings XI Punjab,0,10,Sandeep Sharma,"Punjab Cricket Association IS Bindra Stadium, Mohali",YC Barde,CK Nandan,0,
36,2017,Hyderabad,2017-04-30,Sunrisers Hyderabad,Kolkata Knight Riders,Kolkata Knight Riders,normal,0,Sunrisers Hyderabad,48,0,DA Warner,"Rajiv Gandhi International Stadium, Uppal",AY Dandekar,S Ravi,0,
37,2017,Mumbai,2017-05-01,Royal Challengers Bangalore,Mumbai Indians,Royal Challengers Bangalore,normal,0,Mumbai Indians,0,5,RG Sharma,Wankhede Stadium,AK Chaudhary,CB Gaffaney,1,
38,2017,Pune,2017-05-01,Gujarat Lions,Rising Pune Supergiant,Rising Pune Supergiant,normal,0,Rising Pune Supergiant,0,5,BA Stokes,Maharashtra Cricket Association Stadium,M Erasmus,C Shamshuddin,0,
39,2017,Delhi,2017-05-02,Sunrisers Hyderabad,Delhi Daredevils,Delhi Daredevils,normal,0,Delhi Daredevils,0,6,Mohammed Shami,Feroz Shah Kotla,YC Barde,Nitin Menon,0,
40,2017,Kolkata,2017-05-03,Kolkata Knight Riders,Rising Pune Supergiant,Rising Pune Supergiant,normal,0,Rising Pune Supergiant,0,4,RA Tripathi,Eden Gardens,KN Ananthapadmanabhan,A Nand Kishore,0,
41,2017,Delhi,2017-05-04,Gujarat Lions,Delhi Daredevils,Delhi Daredevils,normal,0,Delhi Daredevils,0,7,RR Pant,Feroz Shah Kotla,M Erasmus,Nitin Menon,0,
42,2017,Bangalore,2017-05-05,Kings XI Punjab,Royal Challengers Bangalore,Royal Challengers Bangalore,normal,0,Kings XI Punjab,19,0,Sandeep Sharma,M Chinnaswamy Stadium,CB Gaffaney,C Shamshuddin,0,
43,2017,Hyderabad,2017-05-06,Rising Pune Supergiant,Sunrisers Hyderabad,Sunrisers Hyderabad,normal,0,Rising Pune Supergiant,12,0,JD Unadkat,"Rajiv Gandhi International Stadium, Uppal",KN Ananthapadmanabhan,AK Chaudhary,0,
44,2017,Delhi,2017-05-06,Mumbai Indians,Delhi Daredevils,Delhi Daredevils,normal,0,Mumbai Indians,146,0,LMP Simmons,Feroz Shah Kotla,Nitin Menon,CK Nandan,0,
45,2017,Bangalore,2017-05-07,Royal Challengers Bangalore,Kolkata Knight Riders,Kolkata Knight Riders,normal,0,Kolkata Knight Riders,0,6,SP Narine,M Chinnaswamy Stadium,AY Dandekar,C Shamshuddin,0,
46,2017,Chandigarh,2017-05-07,Kings XI Punjab,Gujarat Lions,Gujarat Lions,normal,0,Gujarat Lions,0,6,DR Smith,"Punjab Cricket Association IS Bindra Stadium, Mohali",A Nand Kishore,VK Sharma,0,
47,2017,Hyderabad,2017-05-08,Mumbai Indians,Sunrisers Hyderabad,Mumbai Indians,normal,0,Sunrisers Hyderabad,0,7,S Dhawan,"Rajiv Gandhi International Stadium, Uppal",KN Ananthapadmanabhan,M Erasmus,1,
48,2017,Chandigarh,2017-05-09,Kings XI Punjab,Kolkata Knight Riders,Kolkata Knight Riders,normal,0,Kings XI Punjab,14,0,MM Sharma,"Punjab Cricket Association IS Bindra Stadium, Mohali",A Nand Kishore,S Ravi,0,
49,2017,Kanpur,2017-05-10,Gujarat Lions,Delhi Daredevils,Delhi Daredevils,normal,0,Delhi Daredevils,0,2,SS Iyer,Green Park,YC Barde,AK Chaudhary,0,
50,2017,Mumbai,2017-05-11,Kings XI Punjab,Mumbai Indians,Mumbai Indians,normal,0,Kings XI Punjab,7,0,WP Saha,Wankhede Stadium,A Deshmukh,A Nand Kishore,0,
51,2017,Delhi,2017-05-12,Delhi Daredevils,Rising Pune Supergiant,Delhi Daredevils,normal,0,Delhi Daredevils,7,0,KK Nair,Feroz Shah Kotla,KN Ananthapadmanabhan,CK Nandan,1,
52,2017,Kanpur,2017-05-13,Gujarat Lions,Sunrisers Hyderabad,Sunrisers Hyderabad,normal,0,Sunrisers Hyderabad,0,8,Mohammed Siraj,Green Park,AK Chaudhary,Nitin Menon,0,
53,2017,Kolkata,2017-05-13,Mumbai Indians,Kolkata Knight Riders,Kolkata Knight Riders,normal,0,Mumbai Indians,9,0,AT Rayudu,Eden Gardens,A Nand Kishore,S Ravi,0,
54,2017,Pune,2017-05-14,Kings XI Punjab,Rising Pune Supergiant,Rising Pune Supergiant,normal,0,Rising Pune Supergiant,0,9,JD Unadkat,Maharashtra Cricket Association Stadium,AY Dandekar,A Deshmukh,0,
55,2017,Delhi,2017-05-14,Royal Challengers Bangalore,Delhi Daredevils,Royal Challengers Bangalore,normal,0,Royal Challengers Bangalore,10,0,HV Patel,Feroz Shah Kotla,CK Nandan,C Shamshuddin,1,
56,2017,Mumbai,2017-05-16,Rising Pune Supergiant,Mumbai Indians,Mumbai Indians,normal,0,Rising Pune Supergiant,20,0,Washington Sundar,Wankhede Stadium,S Ravi,C Shamshuddin,0,
57,2017,Bangalore,2017-05-17,Sunrisers Hyderabad,Kolkata Knight Riders,Kolkata Knight Riders,normal,1,Kolkata Knight Riders,0,7,NM Coulter-Nile,M Chinnaswamy Stadium,AK Chaudhary,Nitin Menon,0,
58,2017,Bangalore,2017-05-19,Kolkata Knight Riders,Mumbai Indians,Mumbai Indians,normal,0,Mumbai Indians,0,6,KV Sharma,M Chinnaswamy Stadium,NJ Llong,Nitin Menon,0,
59,2017,Hyderabad,2017-05-21,Mumbai Indians,Rising Pune Supergiant,Mumbai Indians,normal,0,Mumbai Indians,1,0,KH Pandya,"Rajiv Gandhi International Stadium, Uppal",NJ Llong,S Ravi,1,
60,2008,Bangalore,2008-04-18,Kolkata Knight Riders,Royal Challengers Bangalore,Royal Challengers Bangalore,normal,0,Kolkata Knight Riders,140,0,BB McCullum,M Chinnaswamy Stadium,Asad Rauf,RE Koertzen,0,
61,2008,Chandigarh,2008-04-19,Chennai Super Kings,Kings XI Punjab,Chennai Super Kings,normal,0,Chennai Super Kings,33,0,MEK Hussey,"Punjab Cricket Association Stadium, Mohali",MR Benson,SL Shastri,1,
62,2008,Delhi,2008-04-19,Rajasthan Royals,Delhi Daredevils,Rajasthan Royals,normal,0,Delhi Daredevils,0,9,MF Maharoof,Feroz Shah Kotla,Aleem Dar,GA Pratapkumar,1,
63,2008,Mumbai,2008-04-20,Mumbai Indians,Royal Challengers Bangalore,Mumbai Indians,normal,0,Royal Challengers Bangalore,0,5,MV Boucher,Wankhede Stadium,SJ Davis,DJ Harper,1,
64,2008,Kolkata,2008-04-20,Deccan Chargers,Kolkata Knight Riders,Deccan Chargers,normal,0,Kolkata Knight Riders,0,5,DJ Hussey,Eden Gardens,BF Bowden,K Hariharan,1,
65,2008,Jaipur,2008-04-21,Kings XI Punjab,Rajasthan Royals,Kings XI Punjab,normal,0,Rajasthan Royals,0,6,SR Watson,Sawai Mansingh Stadium,Aleem Dar,RB Tiffin,1,
66,2008,Hyderabad,2008-04-22,Deccan Chargers,Delhi Daredevils,Deccan Chargers,normal,0,Delhi Daredevils,0,9,V Sehwag,"Rajiv Gandhi International Stadium, Uppal",IL Howell,AM Saheba,1,
67,2008,Chennai,2008-04-23,Chennai Super Kings,Mumbai Indians,Mumbai Indians,normal,0,Chennai Super Kings,6,0,ML Hayden,"MA Chidambaram Stadium, Chepauk",DJ Harper,GA Pratapkumar,0,
68,2008,Hyderabad,2008-04-24,Deccan Chargers,Rajasthan Royals,Rajasthan Royals,normal,0,Rajasthan Royals,0,3,YK Pathan,"Rajiv Gandhi International Stadium, Uppal",Asad Rauf,MR Benson,0,
69,2008,Chandigarh,2008-04-25,Kings XI Punjab,Mumbai Indians,Mumbai Indians,normal,0,Kings XI Punjab,66,0,KC Sangakkara,"Punjab Cricket Association Stadium, Mohali",Aleem Dar,AM Saheba,0,
70,2008,Bangalore,2008-04-26,Royal Challengers Bangalore,Rajasthan Royals,Rajasthan Royals,normal,0,Rajasthan Royals,0,7,SR Watson,M Chinnaswamy Stadium,MR Benson,IL Howell,0,
71,2008,Chennai,2008-04-26,Kolkata Knight Riders,Chennai Super Kings,Kolkata Knight Riders,normal,0,Chennai Super Kings,0,9,JDP Oram,"MA Chidambaram Stadium, Chepauk",BF Bowden,AV Jayaprakash,1,
72,2008,Mumbai,2008-04-27,Mumbai Indians,Deccan Chargers,Deccan Chargers,normal,0,Deccan Chargers,0,10,AC Gilchrist,Dr DY Patil Sports Academy,Asad Rauf,SL Shastri,0,
73,2008,Chandigarh,2008-04-27,Delhi Daredevils,Kings XI Punjab,Delhi Daredevils,normal,0,Kings XI Punjab,0,4,SM Katich,"Punjab Cricket Association Stadium, Mohali",RE Koertzen,I Shivram,1,
74,2008,Bangalore,2008-04-28,Chennai Super Kings,Royal Challengers Bangalore,Chennai Super Kings,normal,0,Chennai Super Kings,13,0,MS Dhoni,M Chinnaswamy Stadium,BR Doctrove,RB Tiffin,1,
75,2008,Kolkata,2008-04-29,Kolkata Knight Riders,Mumbai Indians,Kolkata Knight Riders,normal,0,Mumbai Indians,0,7,ST Jayasuriya,Eden Gardens,BF Bowden,AV Jayaprakash,1,
76,2008,Delhi,2008-04-30,Delhi Daredevils,Royal Challengers Bangalore,Royal Challengers Bangalore,normal,0,Delhi Daredevils,10,0,GD McGrath,Feroz Shah Kotla,Aleem Dar,I Shivram,0,
77,2008,Hyderabad,2008-05-01,Deccan Chargers,Kings XI Punjab,Kings XI Punjab,normal,0,Kings XI Punjab,0,7,SE Marsh,"Rajiv Gandhi International Stadium, Uppal",BR Doctrove,RB Tiffin,0,
78,2008,Jaipur,2008-05-01,Rajasthan Royals,Kolkata Knight Riders,Rajasthan Royals,normal,0,Rajasthan Royals,45,0,SA Asnodkar,Sawai Mansingh Stadium,RE Koertzen,GA Pratapkumar,1,
79,2008,Chennai,2008-05-02,Chennai Super Kings,Delhi Daredevils,Chennai Super Kings,normal,0,Delhi Daredevils,0,8,V Sehwag,"MA Chidambaram Stadium, Chepauk",BF Bowden,K Hariharan,1,
80,2008,Hyderabad,2008-05-25,Deccan Chargers,Royal Challengers Bangalore,Deccan Chargers,normal,0,Royal Challengers Bangalore,0,5,R Vinay Kumar,"Rajiv Gandhi International Stadium, Uppal",Asad Rauf,RE Koertzen,1,
81,2008,Chandigarh,2008-05-03,Kings XI Punjab,Kolkata Knight Riders,Kings XI Punjab,normal,0,Kings XI Punjab,9,0,IK Pathan,"Punjab Cricket Association Stadium, Mohali",DJ Harper,I Shivram,1,
82,2008,Mumbai,2008-05-04,Mumbai Indians,Delhi Daredevils,Delhi Daredevils,normal,0,Mumbai Indians,29,0,SM Pollock,Dr DY Patil Sports Academy,IL Howell,RE Koertzen,0,
83,2008,Jaipur,2008-05-04,Chennai Super Kings,Rajasthan Royals,Chennai Super Kings,normal,0,Rajasthan Royals,0,8,Sohail Tanvir,Sawai Mansingh Stadium,Asad Rauf,AV Jayaprakash,1,
84,2008,Bangalore,2008-05-05,Royal Challengers Bangalore,Kings XI Punjab,Kings XI Punjab,normal,0,Kings XI Punjab,0,6,S Sreesanth,M Chinnaswamy Stadium,SJ Davis,BR Doctrove,0,
85,2008,Chennai,2008-05-06,Chennai Super Kings,Deccan Chargers,Deccan Chargers,normal,0,Deccan Chargers,0,7,AC Gilchrist,"MA Chidambaram Stadium, Chepauk",MR Benson,RB Tiffin,0,
86,2008,Mumbai,2008-05-07,Rajasthan Royals,Mumbai Indians,Mumbai Indians,normal,0,Mumbai Indians,0,7,A Nehra,Dr DY Patil Sports Academy,DJ Harper,RE Koertzen,0,
87,2008,Delhi,2008-05-08,Delhi Daredevils,Chennai Super Kings,Chennai Super Kings,normal,0,Chennai Super Kings,0,4,MS Dhoni,Feroz Shah Kotla,Aleem Dar,RB Tiffin,0,
88,2008,Kolkata,2008-05-08,Kolkata Knight Riders,Royal Challengers Bangalore,Kolkata Knight Riders,normal,0,Kolkata Knight Riders,5,0,SC Ganguly,Eden Gardens,Asad Rauf,IL Howell,1,
89,2008,Jaipur,2008-05-09,Deccan Chargers,Rajasthan Royals,Rajasthan Royals,normal,0,Rajasthan Royals,0,8,YK Pathan,Sawai Mansingh Stadium,MR Benson,AM Saheba,0,
90,2008,Bangalore,2008-05-28,Royal Challengers Bangalore,Mumbai Indians,Mumbai Indians,normal,0,Mumbai Indians,0,9,CRD Fernando,M Chinnaswamy Stadium,BF Bowden,AV Jayaprakash,0,
91,2008,Chennai,2008-05-10,Chennai Super Kings,Kings XI Punjab,Kings XI Punjab,normal,0,Chennai Super Kings,18,0,L Balaji,"MA Chidambaram Stadium, Chepauk",AV Jayaprakash,BG Jerling,0,
92,2008,Hyderabad,2008-05-11,Kolkata Knight Riders,Deccan Chargers,Kolkata Knight Riders,normal,0,Kolkata Knight Riders,23,0,SC Ganguly,"Rajiv Gandhi International Stadium, Uppal",IL Howell,AM Saheba,1,
93,2008,Jaipur,2008-05-11,Delhi Daredevils,Rajasthan Royals,Rajasthan Royals,normal,0,Rajasthan Royals,0,3,SR Watson,Sawai Mansingh Stadium,SJ Davis,RE Koertzen,0,
94,2008,Chandigarh,2008-05-12,Royal Challengers Bangalore,Kings XI Punjab,Royal Challengers Bangalore,normal,0,Kings XI Punjab,0,9,SE Marsh,"Punjab Cricket Association Stadium, Mohali",BR Doctrove,I Shivram,1,
95,2008,Kolkata,2008-05-13,Kolkata Knight Riders,Delhi Daredevils,Kolkata Knight Riders,normal,0,Kolkata Knight Riders,23,0,Shoaib Akhtar,Eden Gardens,Asad Rauf,IL Howell,1,
96,2008,Mumbai,2008-05-14,Chennai Super Kings,Mumbai Indians,Mumbai Indians,normal,0,Mumbai Indians,0,9,ST Jayasuriya,Wankhede Stadium,BR Doctrove,AM Saheba,0,
97,2008,Chandigarh,2008-05-28,Kings XI Punjab,Rajasthan Royals,Rajasthan Royals,normal,0,Kings XI Punjab,41,0,SE Marsh,"Punjab Cricket Association Stadium, Mohali",SJ Davis,K Hariharan,0,
98,2008,Delhi,2008-05-15,Delhi Daredevils,Deccan Chargers,Deccan Chargers,normal,0,Delhi Daredevils,12,0,A Mishra,Feroz Shah Kotla,BG Jerling,GA Pratapkumar,0,
99,2008,Mumbai,2008-05-16,Kolkata Knight Riders,Mumbai Indians,Mumbai Indians,normal,0,Mumbai Indians,0,8,SM Pollock,Wankhede Stadium,BR Doctrove,DJ Harper,0,
100,2008,Delhi,2008-05-17,Delhi Daredevils,Kings XI Punjab,Delhi Daredevils,normal,1,Kings XI Punjab,6,0,DPMD Jayawardene,Feroz Shah Kotla,AV Jayaprakash,RE Koertzen,1,
101,2008,Jaipur,2008-05-17,Rajasthan Royals,Royal Challengers Bangalore,Royal Challengers Bangalore,normal,0,Rajasthan Royals,65,0,GC Smith,Sawai Mansingh Stadium,BF Bowden,SL Shastri,0,
102,2008,Hyderabad,2008-05-18,Mumbai Indians,Deccan Chargers,Deccan Chargers,normal,0,Mumbai Indians,25,0,DJ Bravo,"Rajiv Gandhi International Stadium, Uppal",BR Doctrove,DJ Harper,0,
103,2008,Kolkata,2008-05-18,Kolkata Knight Riders,Chennai Super Kings,Kolkata Knight Riders,normal,1,Chennai Super Kings,3,0,M Ntini,Eden Gardens,Asad Rauf,K Hariharan,1,
104,2008,Bangalore,2008-05-19,Royal Challengers Bangalore,Delhi Daredevils,Delhi Daredevils,normal,0,Delhi Daredevils,0,5,SP Goswami,M Chinnaswamy Stadium,SJ Davis,GA Pratapkumar,0,
105,2008,Kolkata,2008-05-20,Kolkata Knight Riders,Rajasthan Royals,Rajasthan Royals,normal,0,Rajasthan Royals,0,6,YK Pathan,Eden Gardens,BG Jerling,RE Koertzen,0,
106,2008,Mumbai,2008-05-21,Kings XI Punjab,Mumbai Indians,Mumbai Indians,normal,0,Kings XI Punjab,1,0,SE Marsh,Wankhede Stadium,BF Bowden,GA Pratapkumar,0,
107,2008,Chennai,2008-05-21,Royal Challengers Bangalore,Chennai Super Kings,Royal Challengers Bangalore,normal,0,Royal Challengers Bangalore,14,0,A Kumble,"MA Chidambaram Stadium, Chepauk",DJ Harper,I Shivram,1,
108,2008,Chandigarh,2008-05-23,Deccan Chargers,Kings XI Punjab,Kings XI Punjab,normal,0,Kings XI Punjab,0,6,SE Marsh,"Punjab Cricket Association Stadium, Mohali",Asad Rauf,SJ Davis,0,
109,2008,Delhi,2008-05-24,Mumbai Indians,Delhi Daredevils,Delhi Daredevils,normal,0,Delhi Daredevils,0,5,KD Karthik,Feroz Shah Kotla,BF Bowden,K Hariharan,0,
110,2008,Chennai,2008-05-24,Rajasthan Royals,Chennai Super Kings,Rajasthan Royals,normal,0,Rajasthan Royals,10,0,JA Morkel,"MA Chidambaram Stadium, Chepauk",DJ Harper,SL Shastri,1,
111,2008,Bangalore,2008-05-03,Royal Challengers Bangalore,Deccan Chargers,Deccan Chargers,normal,0,Royal Challengers Bangalore,3,0,P Kumar,M Chinnaswamy Stadium,BR Doctrove,SL Shastri,0,
112,2008,Kolkata,2008-05-25,Kings XI Punjab,Kolkata Knight Riders,Kings XI Punjab,normal,0,Kolkata Knight Riders,0,3,Umar Gul,Eden Gardens,SJ Davis,I Shivram,1,
113,2008,Jaipur,2008-05-26,Mumbai Indians,Rajasthan Royals,Rajasthan Royals,normal,0,Rajasthan Royals,0,5,Sohail Tanvir,Sawai Mansingh Stadium,BF Bowden,K Hariharan,0,
114,2008,Hyderabad,2008-05-27,Deccan Chargers,Chennai Super Kings,Deccan Chargers,normal,0,Chennai Super Kings,0,7,SK Raina,"Rajiv Gandhi International Stadium, Uppal",BG Jerling,AM Saheba,1,
115,2008,Mumbai,2008-05-30,Rajasthan Royals,Delhi Daredevils,Delhi Daredevils,normal,0,Rajasthan Royals,105,0,SR Watson,Wankhede Stadium,BF Bowden,RE Koertzen,0,
116,2008,Mumbai,2008-05-31,Kings XI Punjab,Chennai Super Kings,Kings XI Punjab,normal,0,Chennai Super Kings,0,9,M Ntini,Wankhede Stadium,Asad Rauf,DJ Harper,1,
117,2008,Mumbai,2008-06-01,Chennai Super Kings,Rajasthan Royals,Rajasthan Royals,normal,0,Rajasthan Royals,0,3,YK Pathan,Dr DY Patil Sports Academy,BF Bowden,RE Koertzen,0,
118,2009,Cape Town,2009-04-18,Mumbai Indians,Chennai Super Kings,Chennai Super Kings,normal,0,Mumbai Indians,19,0,SR Tendulkar,Newlands,BR Doctrove,K Hariharan,0,
119,2009,Cape Town,2009-04-18,Royal Challengers Bangalore,Rajasthan Royals,Royal Challengers Bangalore,normal,0,Royal Challengers Bangalore,75,0,R Dravid,Newlands,BR Doctrove,RB Tiffin,1,
120,2009,Cape Town,2009-04-19,Kings XI Punjab,Delhi Daredevils,Delhi Daredevils,normal,1,Delhi Daredevils,0,10,DL Vettori,Newlands,MR Benson,SD Ranade,0,
121,2009,Cape Town,2009-04-19,Kolkata Knight Riders,Deccan Chargers,Kolkata Knight Riders,normal,0,Deccan Chargers,0,8,RP Singh,Newlands,MR Benson,BR Doctrove,1,
122,2009,Port Elizabeth,2009-04-20,Chennai Super Kings,Royal Challengers Bangalore,Chennai Super Kings,normal,0,Chennai Super Kings,92,0,M Muralitharan,St George's Park,BG Jerling,SJA Taufel,1,
123,2009,Durban,2009-04-21,Kings XI Punjab,Kolkata Knight Riders,Kolkata Knight Riders,normal,1,Kolkata Knight Riders,11,0,CH Gayle,Kingsmead,DJ Harper,SD Ranade,0,
124,2009,Cape Town,2009-04-22,Deccan Chargers,Royal Challengers Bangalore,Deccan Chargers,normal,0,Deccan Chargers,24,0,AC Gilchrist,Newlands,M Erasmus,AM Saheba,1,
125,2009,Durban,2009-04-23,Delhi Daredevils,Chennai Super Kings,Delhi Daredevils,normal,0,Delhi Daredevils,9,0,AB de Villiers,Kingsmead,BR Doctrove,SJA Taufel,1,
126,2009,Cape Town,2009-04-23,Rajasthan Royals,Kolkata Knight Riders,Kolkata Knight Riders,tie,0,Rajasthan Royals,0,0,YK Pathan,Newlands,MR Benson,M Erasmus,0,
127,2009,Durban,2009-04-24,Royal Challengers Bangalore,Kings XI Punjab,Royal Challengers Bangalore,normal,0,Kings XI Punjab,0,7,RS Bopara,Kingsmead,BR Doctrove,TH Wijewardene,1,
128,2009,Durban,2009-04-25,Deccan Chargers,Mumbai Indians,Deccan Chargers,normal,0,Deccan Chargers,12,0,PP Ojha,Kingsmead,HDPK Dharmasena,SJA Taufel,1,
129,2009,Port Elizabeth,2009-04-26,Royal Challengers Bangalore,Delhi Daredevils,Royal Challengers Bangalore,normal,0,Delhi Daredevils,0,6,TM Dilshan,St George's Park,S Asnani,BG Jerling,1,
130,2009,Cape Town,2009-04-26,Kings XI Punjab,Rajasthan Royals,Kings XI Punjab,normal,0,Kings XI Punjab,27,0,KC Sangakkara,Newlands,M Erasmus,K Hariharan,1,
131,2009,Durban,2009-04-27,Chennai Super Kings,Deccan Chargers,Deccan Chargers,normal,0,Deccan Chargers,0,6,HH Gibbs,Kingsmead,IL Howell,TH Wijewardene,0,
132,2009,Port Elizabeth,2009-04-27,Mumbai Indians,Kolkata Knight Riders,Mumbai Indians,normal,0,Mumbai Indians,92,0,SR Tendulkar,St George's Park,BG Jerling,RB Tiffin,1,
133,2009,Centurion,2009-04-28,Delhi Daredevils,Rajasthan Royals,Delhi Daredevils,normal,0,Rajasthan Royals,0,5,YK Pathan,SuperSport Park,GAV Baxter,RE Koertzen,1,
134,2009,Durban,2009-04-29,Kolkata Knight Riders,Royal Challengers Bangalore,Kolkata Knight Riders,normal,0,Royal Challengers Bangalore,0,5,MV Boucher,Kingsmead,MR Benson,TH Wijewardene,1,
135,2009,Durban,2009-04-29,Kings XI Punjab,Mumbai Indians,Kings XI Punjab,normal,0,Kings XI Punjab,3,0,KC Sangakkara,Kingsmead,MR Benson,SL Shastri,1,
136,2009,Centurion,2009-04-30,Deccan Chargers,Delhi Daredevils,Delhi Daredevils,normal,0,Delhi Daredevils,0,6,DP Nannes,SuperSport Park,GAV Baxter,AM Saheba,0,
137,2009,Centurion,2009-04-30,Chennai Super Kings,Rajasthan Royals,Rajasthan Royals,normal,0,Chennai Super Kings,38,0,SK Raina,SuperSport Park,GAV Baxter,RE Koertzen,0,
138,2009,East London,2009-05-01,Mumbai Indians,Kolkata Knight Riders,Mumbai Indians,normal,0,Mumbai Indians,9,0,JP Duminy,Buffalo Park,M Erasmus,SK Tarapore,1,
139,2009,Durban,2009-05-01,Royal Challengers Bangalore,Kings XI Punjab,Royal Challengers Bangalore,normal,0,Royal Challengers Bangalore,8,0,Yuvraj Singh,Kingsmead,HDPK Dharmasena,S Ravi,1,
140,2009,Port Elizabeth,2009-05-02,Deccan Chargers,Rajasthan Royals,Deccan Chargers,normal,0,Rajasthan Royals,0,3,YK Pathan,St George's Park,S Asnani,BG Jerling,1,
141,2009,Johannesburg,2009-05-02,Chennai Super Kings,Delhi Daredevils,Delhi Daredevils,normal,0,Chennai Super Kings,18,0,SB Jakati,New Wanderers Stadium,DJ Harper,RE Koertzen,0,
142,2009,Port Elizabeth,2009-05-03,Kolkata Knight Riders,Kings XI Punjab,Kolkata Knight Riders,normal,0,Kings XI Punjab,0,6,DPMD Jayawardene,St George's Park,S Asnani,MR Benson,1,
143,2009,Johannesburg,2009-05-03,Mumbai Indians,Royal Challengers Bangalore,Mumbai Indians,normal,0,Royal Challengers Bangalore,0,9,JH Kallis,New Wanderers Stadium,RE Koertzen,TH Wijewardene,1,
144,2009,East London,2009-05-04,Chennai Super Kings,Deccan Chargers,Chennai Super Kings,normal,0,Chennai Super Kings,78,0,MS Dhoni,Buffalo Park,BR Doctrove,M Erasmus,1,
145,2009,Durban,2009-05-05,Rajasthan Royals,Kings XI Punjab,Kings XI Punjab,normal,0,Rajasthan Royals,78,0,GC Smith,Kingsmead,SS Hazare,IL Howell,0,
146,2009,Durban,2009-05-05,Kolkata Knight Riders,Delhi Daredevils,Kolkata Knight Riders,normal,0,Delhi Daredevils,0,9,G Gambhir,Kingsmead,GAV Baxter,IL Howell,1,
147,2009,Centurion,2009-05-06,Deccan Chargers,Mumbai Indians,Deccan Chargers,normal,0,Deccan Chargers,19,0,RG Sharma,SuperSport Park,MR Benson,HDPK Dharmasena,1,
148,2009,Centurion,2009-05-07,Royal Challengers Bangalore,Rajasthan Royals,Rajasthan Royals,normal,0,Rajasthan Royals,0,7,A Singh,SuperSport Park,K Hariharan,DJ Harper,0,
149,2009,Centurion,2009-05-07,Chennai Super Kings,Kings XI Punjab,Chennai Super Kings,normal,1,Chennai Super Kings,12,0,ML Hayden,SuperSport Park,DJ Harper,TH Wijewardene,1,
150,2009,East London,2009-05-08,Mumbai Indians,Delhi Daredevils,Mumbai Indians,normal,0,Delhi Daredevils,0,7,A Nehra,Buffalo Park,M Erasmus,SK Tarapore,1,
151,2009,Kimberley,2009-05-09,Deccan Chargers,Kings XI Punjab,Kings XI Punjab,normal,0,Kings XI Punjab,0,3,DPMD Jayawardene,De Beers Diamond Oval,GAV Baxter,AM Saheba,0,
152,2009,Kimberley,2009-05-09,Rajasthan Royals,Chennai Super Kings,Rajasthan Royals,normal,0,Chennai Super Kings,0,7,S Badrinath,De Beers Diamond Oval,GAV Baxter,HDPK Dharmasena,1,
153,2009,Port Elizabeth,2009-05-10,Mumbai Indians,Royal Challengers Bangalore,Mumbai Indians,normal,0,Mumbai Indians,16,0,JP Duminy,St George's Park,BR Doctrove,BG Jerling,1,
154,2009,Johannesburg,2009-05-10,Kolkata Knight Riders,Delhi Daredevils,Delhi Daredevils,normal,0,Delhi Daredevils,0,7,A Mishra,New Wanderers Stadium,SL Shastri,RB Tiffin,0,
155,2009,Kimberley,2009-05-11,Deccan Chargers,Rajasthan Royals,Deccan Chargers,normal,0,Deccan Chargers,53,0,DR Smith,De Beers Diamond Oval,GAV Baxter,HDPK Dharmasena,1,
156,2009,Centurion,2009-05-12,Kolkata Knight Riders,Royal Challengers Bangalore,Royal Challengers Bangalore,normal,0,Royal Challengers Bangalore,0,6,LRPL Taylor,SuperSport Park,M Erasmus,SS Hazare,0,
157,2009,Centurion,2009-05-12,Kings XI Punjab,Mumbai Indians,Kings XI Punjab,normal,0,Mumbai Indians,0,8,Harbhajan Singh,SuperSport Park,SS Hazare,RE Koertzen,1,
158,2009,Durban,2009-05-13,Delhi Daredevils,Deccan Chargers,Deccan Chargers,normal,0,Delhi Daredevils,12,0,R Bhatia,Kingsmead,DJ Harper,SL Shastri,0,
159,2009,Durban,2009-05-14,Chennai Super Kings,Royal Challengers Bangalore,Chennai Super Kings,normal,0,Royal Challengers Bangalore,0,2,LRPL Taylor,Kingsmead,BR Doctrove,DJ Harper,1,
160,2009,Durban,2009-05-14,Rajasthan Royals,Mumbai Indians,Rajasthan Royals,normal,0,Rajasthan Royals,2,0,SK Warne,Kingsmead,BR Doctrove,DJ Harper,1,
161,2009,Bloemfontein,2009-05-15,Delhi Daredevils,Kings XI Punjab,Kings XI Punjab,normal,0,Kings XI Punjab,0,6,B Lee,OUTsurance Oval,HDPK Dharmasena,IL Howell,0,
162,2009,Port Elizabeth,2009-05-16,Mumbai Indians,Chennai Super Kings,Mumbai Indians,normal,0,Chennai Super Kings,0,7,ML Hayden,St George's Park,SK Tarapore,SJA Taufel,1,
163,2009,Johannesburg,2009-05-16,Kolkata Knight Riders,Deccan Chargers,Deccan Chargers,normal,0,Deccan Chargers,0,6,RG Sharma,New Wanderers Stadium,RE Koertzen,S Ravi,0,
164,2009,Johannesburg,2009-05-17,Kings XI Punjab,Deccan Chargers,Deccan Chargers,normal,0,Kings XI Punjab,1,0,Yuvraj Singh,New Wanderers Stadium,S Ravi,RB Tiffin,0,
165,2009,Bloemfontein,2009-05-17,Delhi Daredevils,Rajasthan Royals,Delhi Daredevils,normal,0,Delhi Daredevils,14,0,AB de Villiers,OUTsurance Oval,SS Hazare,IL Howell,1,
166,2009,Centurion,2009-05-18,Chennai Super Kings,Kolkata Knight Riders,Chennai Super Kings,normal,0,Kolkata Knight Riders,0,7,BJ Hodge,SuperSport Park,SJA Taufel,RB Tiffin,1,
167,2009,Johannesburg,2009-05-19,Delhi Daredevils,Royal Challengers Bangalore,Delhi Daredevils,normal,0,Royal Challengers Bangalore,0,7,JH Kallis,New Wanderers Stadium,IL Howell,RB Tiffin,1,
168,2009,Durban,2009-05-20,Rajasthan Royals,Kolkata Knight Riders,Kolkata Knight Riders,normal,0,Kolkata Knight Riders,0,4,LR Shukla,Kingsmead,BG Jerling,SJA Taufel,0,
169,2009,Durban,2009-05-20,Chennai Super Kings,Kings XI Punjab,Chennai Super Kings,normal,0,Chennai Super Kings,24,0,M Muralitharan,Kingsmead,BG Jerling,SJA Taufel,1,
170,2009,Centurion,2009-05-21,Mumbai Indians,Delhi Daredevils,Delhi Daredevils,normal,0,Delhi Daredevils,0,4,V Sehwag,SuperSport Park,IL Howell,S Ravi,0,
171,2009,Centurion,2009-05-21,Royal Challengers Bangalore,Deccan Chargers,Royal Challengers Bangalore,normal,0,Royal Challengers Bangalore,12,0,MK Pandey,SuperSport Park,IL Howell,S Ravi,1,
172,2009,Centurion,2009-05-22,Delhi Daredevils,Deccan Chargers,Deccan Chargers,normal,0,Deccan Chargers,0,6,AC Gilchrist,SuperSport Park,BR Doctrove,DJ Harper,0,
173,2009,Johannesburg,2009-05-23,Chennai Super Kings,Royal Challengers Bangalore,Royal Challengers Bangalore,normal,0,Royal Challengers Bangalore,0,6,MK Pandey,New Wanderers Stadium,RE Koertzen,SJA Taufel,0,
174,2009,Johannesburg,2009-05-24,Deccan Chargers,Royal Challengers Bangalore,Royal Challengers Bangalore,normal,0,Deccan Chargers,6,0,A Kumble,New Wanderers Stadium,RE Koertzen,SJA Taufel,0,
175,2010,Mumbai,2010-03-12,Kolkata Knight Riders,Deccan Chargers,Deccan Chargers,normal,0,Kolkata Knight Riders,11,0,AD Mathews,Dr DY Patil Sports Academy,RE Koertzen,RB Tiffin,0,
176,2010,Mumbai,2010-03-13,Mumbai Indians,Rajasthan Royals,Mumbai Indians,normal,0,Mumbai Indians,4,0,YK Pathan,Brabourne Stadium,RE Koertzen,RB Tiffin,1,
177,2010,Chandigarh,2010-03-13,Kings XI Punjab,Delhi Daredevils,Delhi Daredevils,normal,0,Delhi Daredevils,0,5,G Gambhir,"Punjab Cricket Association Stadium, Mohali",BR Doctrove,S Ravi,0,
178,2010,Kolkata,2010-03-14,Royal Challengers Bangalore,Kolkata Knight Riders,Kolkata Knight Riders,normal,0,Kolkata Knight Riders,0,7,MK Tiwary,Eden Gardens,HDPK Dharmasena,AM Saheba,0,
179,2010,Chennai,2010-03-14,Deccan Chargers,Chennai Super Kings,Deccan Chargers,normal,0,Deccan Chargers,31,0,WPUJC Vaas,"MA Chidambaram Stadium, Chepauk",K Hariharan,DJ Harper,1,
180,2010,Ahmedabad,2010-03-15,Rajasthan Royals,Delhi Daredevils,Delhi Daredevils,normal,0,Delhi Daredevils,0,6,V Sehwag,"Sardar Patel Stadium, Motera",BG Jerling,RE Koertzen,0,
181,2010,Bangalore,2010-03-16,Kings XI Punjab,Royal Challengers Bangalore,Kings XI Punjab,normal,0,Royal Challengers Bangalore,0,8,JH Kallis,M Chinnaswamy Stadium,S Das,DJ Harper,1,
182,2010,Kolkata,2010-03-16,Chennai Super Kings,Kolkata Knight Riders,Chennai Super Kings,normal,0,Chennai Super Kings,55,0,MS Dhoni,Eden Gardens,HDPK Dharmasena,AM Saheba,1,
183,2010,Delhi,2010-03-17,Mumbai Indians,Delhi Daredevils,Delhi Daredevils,normal,0,Mumbai Indians,98,0,SR Tendulkar,Feroz Shah Kotla,BR Doctrove,SK Tarapore,0,
184,2010,Bangalore,2010-03-18,Rajasthan Royals,Royal Challengers Bangalore,Royal Challengers Bangalore,normal,0,Royal Challengers Bangalore,0,10,JH Kallis,M Chinnaswamy Stadium,K Hariharan,DJ Harper,0,
185,2010,Delhi,2010-03-19,Delhi Daredevils,Chennai Super Kings,Delhi Daredevils,normal,0,Chennai Super Kings,0,5,ML Hayden,Feroz Shah Kotla,BR Doctrove,SK Tarapore,1,
186,2010,Cuttack,2010-03-19,Deccan Chargers,Kings XI Punjab,Kings XI Punjab,normal,0,Deccan Chargers,6,0,A Symonds,Barabati Stadium,BF Bowden,M Erasmus,0,
187,2010,Ahmedabad,2010-03-20,Rajasthan Royals,Kolkata Knight Riders,Rajasthan Royals,normal,0,Rajasthan Royals,34,0,AA Jhunjhunwala,"Sardar Patel Stadium, Motera",RE Koertzen,RB Tiffin,1,
188,2010,Mumbai,2010-03-20,Mumbai Indians,Royal Challengers Bangalore,Mumbai Indians,normal,0,Royal Challengers Bangalore,0,7,JH Kallis,Brabourne Stadium,HDPK Dharmasena,SS Hazare,1,
189,2010,Cuttack,2010-03-21,Deccan Chargers,Delhi Daredevils,Deccan Chargers,normal,0,Deccan Chargers,10,0,A Symonds,Barabati Stadium,BF Bowden,M Erasmus,1,
190,2010,Chennai,2010-03-21,Kings XI Punjab,Chennai Super Kings,Chennai Super Kings,tie,0,Kings XI Punjab,0,0,J Theron,"MA Chidambaram Stadium, Chepauk",K Hariharan,DJ Harper,0,
191,2010,Mumbai,2010-03-22,Kolkata Knight Riders,Mumbai Indians,Kolkata Knight Riders,normal,0,Mumbai Indians,0,7,SR Tendulkar,Brabourne Stadium,SS Hazare,SJA Taufel,1,
192,2010,Bangalore,2010-03-23,Royal Challengers Bangalore,Chennai Super Kings,Chennai Super Kings,normal,0,Royal Challengers Bangalore,36,0,RV Uthappa,M Chinnaswamy Stadium,RE Koertzen,RB Tiffin,0,
193,2010,Chandigarh,2010-03-24,Rajasthan Royals,Kings XI Punjab,Kings XI Punjab,normal,0,Rajasthan Royals,31,0,AC Voges,"Punjab Cricket Association Stadium, Mohali",BR Doctrove,SK Tarapore,0,
194,2010,Mumbai,2010-03-25,Chennai Super Kings,Mumbai Indians,Mumbai Indians,normal,0,Mumbai Indians,0,5,SR Tendulkar,Brabourne Stadium,BF Bowden,AM Saheba,0,
195,2010,Ahmedabad,2010-03-26,Deccan Chargers,Rajasthan Royals,Deccan Chargers,normal,0,Rajasthan Royals,0,8,YK Pathan,"Sardar Patel Stadium, Motera",HDPK Dharmasena,SJA Taufel,1,
196,2010,Chandigarh,2010-03-27,Kolkata Knight Riders,Kings XI Punjab,Kolkata Knight Riders,normal,0,Kolkata Knight Riders,39,0,MK Tiwary,"Punjab Cricket Association Stadium, Mohali",BR Doctrove,S Ravi,1,
197,2010,Bangalore,2010-03-25,Delhi Daredevils,Royal Challengers Bangalore,Royal Challengers Bangalore,normal,0,Delhi Daredevils,17,0,KM Jadhav,M Chinnaswamy Stadium,BG Jerling,RE Koertzen,0,
198,2010,Ahmedabad,2010-03-28,Rajasthan Royals,Chennai Super Kings,Rajasthan Royals,normal,0,Rajasthan Royals,17,0,NV Ojha,"Sardar Patel Stadium, Motera",SS Hazare,SJA Taufel,1,
199,2010,Mumbai,2010-03-28,Mumbai Indians,Deccan Chargers,Deccan Chargers,normal,0,Mumbai Indians,41,0,Harbhajan Singh,Dr DY Patil Sports Academy,S Das,K Hariharan,0,
200,2010,Delhi,2010-03-29,Delhi Daredevils,Kolkata Knight Riders,Delhi Daredevils,normal,0,Delhi Daredevils,40,0,DA Warner,Feroz Shah Kotla,SS Hazare,SJA Taufel,1,
201,2010,Mumbai,2010-03-30,Kings XI Punjab,Mumbai Indians,Mumbai Indians,normal,0,Mumbai Indians,0,4,SL Malinga,Brabourne Stadium,BR Doctrove,SK Tarapore,0,
202,2010,Chennai,2010-03-31,Royal Challengers Bangalore,Chennai Super Kings,Royal Challengers Bangalore,normal,0,Chennai Super Kings,0,5,M Vijay,"MA Chidambaram Stadium, Chepauk",BG Jerling,RE Koertzen,1,
203,2010,Delhi,2010-03-31,Delhi Daredevils,Rajasthan Royals,Delhi Daredevils,normal,0,Delhi Daredevils,67,0,KD Karthik,Feroz Shah Kotla,HDPK Dharmasena,SJA Taufel,1,
204,2010,Kolkata,2010-04-01,Kolkata Knight Riders,Deccan Chargers,Kolkata Knight Riders,normal,0,Kolkata Knight Riders,24,0,SC Ganguly,Eden Gardens,K Hariharan,DJ Harper,1,
205,2010,Chandigarh,2010-04-02,Kings XI Punjab,Royal Challengers Bangalore,Kings XI Punjab,normal,0,Royal Challengers Bangalore,0,6,KP Pietersen,"Punjab Cricket Association Stadium, Mohali",BF Bowden,M Erasmus,1,
206,2010,Chennai,2010-04-03,Chennai Super Kings,Rajasthan Royals,Chennai Super Kings,normal,0,Chennai Super Kings,23,0,M Vijay,"MA Chidambaram Stadium, Chepauk",RE Koertzen,RB Tiffin,1,
207,2010,Mumbai,2010-04-03,Mumbai Indians,Deccan Chargers,Mumbai Indians,normal,0,Mumbai Indians,63,0,AT Rayudu,Brabourne Stadium,BR Doctrove,S Ravi,1,
208,2010,Kolkata,2010-04-04,Kolkata Knight Riders,Kings XI Punjab,Kolkata Knight Riders,normal,0,Kings XI Punjab,0,8,DPMD Jayawardene,Eden Gardens,S Asnani,DJ Harper,1,
209,2010,Delhi,2010-04-04,Delhi Daredevils,Royal Challengers Bangalore,Delhi Daredevils,normal,0,Delhi Daredevils,37,0,PD Collingwood,Feroz Shah Kotla,BF Bowden,M Erasmus,1,
210,2010,Nagpur,2010-04-05,Rajasthan Royals,Deccan Chargers,Rajasthan Royals,normal,0,Rajasthan Royals,2,0,SK Warne,"Vidarbha Cricket Association Stadium, Jamtha",HDPK Dharmasena,SJA Taufel,1,
211,2010,Chennai,2010-04-06,Chennai Super Kings,Mumbai Indians,Chennai Super Kings,normal,0,Chennai Super Kings,24,0,SK Raina,"MA Chidambaram Stadium, Chepauk",S Asnani,DJ Harper,1,
212,2010,Jaipur,2010-04-07,Kings XI Punjab,Rajasthan Royals,Kings XI Punjab,normal,0,Rajasthan Royals,0,9,MJ Lumb,Sawai Mansingh Stadium,S Ravi,SK Tarapore,1,
213,2010,Kolkata,2010-04-07,Kolkata Knight Riders,Delhi Daredevils,Kolkata Knight Riders,normal,0,Kolkata Knight Riders,14,0,SC Ganguly,Eden Gardens,BG Jerling,RE Koertzen,1,
214,2010,Bangalore,2010-04-08,Royal Challengers Bangalore,Deccan Chargers,Deccan Chargers,normal,0,Deccan Chargers,0,7,TL Suman,M Chinnaswamy Stadium,S Asnani,DJ Harper,0,
215,2010,Chandigarh,2010-04-09,Mumbai Indians,Kings XI Punjab,Mumbai Indians,normal,0,Kings XI Punjab,0,6,KC Sangakkara,"Punjab Cricket Association Stadium, Mohali",M Erasmus,AM Saheba,1,
216,2010,Nagpur,2010-04-10,Chennai Super Kings,Deccan Chargers,Chennai Super Kings,normal,0,Deccan Chargers,0,6,RJ Harris,"Vidarbha Cricket Association Stadium, Jamtha",HDPK Dharmasena,SJA Taufel,1,
217,2010,Bangalore,2010-04-10,Kolkata Knight Riders,Royal Challengers Bangalore,Royal Challengers Bangalore,normal,0,Royal Challengers Bangalore,0,7,R Vinay Kumar,M Chinnaswamy Stadium,K Hariharan,DJ Harper,0,
218,2010,Delhi,2010-04-11,Delhi Daredevils,Kings XI Punjab,Delhi Daredevils,normal,0,Kings XI Punjab,0,7,PP Chawla,Feroz Shah Kotla,BF Bowden,AM Saheba,1,
219,2010,Jaipur,2010-04-11,Mumbai Indians,Rajasthan Royals,Rajasthan Royals,normal,0,Mumbai Indians,37,0,SR Tendulkar,Sawai Mansingh Stadium,BR Doctrove,SK Tarapore,0,
220,2010,Nagpur,2010-04-12,Deccan Chargers,Royal Challengers Bangalore,Royal Challengers Bangalore,normal,0,Deccan Chargers,13,0,Harmeet Singh,"Vidarbha Cricket Association Stadium, Jamtha",RE Koertzen,RB Tiffin,0,
221,2010,Mumbai,2010-04-13,Mumbai Indians,Delhi Daredevils,Mumbai Indians,normal,0,Mumbai Indians,39,0,KA Pollard,Brabourne Stadium,S Asnani,DJ Harper,1,
222,2010,Chennai,2010-04-13,Kolkata Knight Riders,Chennai Super Kings,Kolkata Knight Riders,normal,0,Chennai Super Kings,0,9,R Ashwin,"MA Chidambaram Stadium, Chepauk",SS Hazare,SJA Taufel,1,
223,2010,Jaipur,2010-04-14,Rajasthan Royals,Royal Challengers Bangalore,Rajasthan Royals,normal,0,Royal Challengers Bangalore,0,5,KP Pietersen,Sawai Mansingh Stadium,BR Doctrove,S Ravi,1,
224,2010,Chennai,2010-04-15,Chennai Super Kings,Delhi Daredevils,Chennai Super Kings,normal,0,Delhi Daredevils,0,6,G Gambhir,"MA Chidambaram Stadium, Chepauk",HDPK Dharmasena,SS Hazare,1,
225,2010,Dharamsala,2010-04-16,Kings XI Punjab,Deccan Chargers,Deccan Chargers,normal,0,Deccan Chargers,0,5,RG Sharma,Himachal Pradesh Cricket Association Stadium,M Erasmus,AM Saheba,0,
226,2010,Bangalore,2010-04-17,Mumbai Indians,Royal Challengers Bangalore,Royal Challengers Bangalore,normal,0,Mumbai Indians,57,0,R McLaren,M Chinnaswamy Stadium,HDPK Dharmasena,SJA Taufel,0,
227,2010,Kolkata,2010-04-17,Rajasthan Royals,Kolkata Knight Riders,Rajasthan Royals,normal,0,Kolkata Knight Riders,0,8,JD Unadkat,Eden Gardens,BG Jerling,RB Tiffin,1,
228,2010,Dharamsala,2010-04-18,Kings XI Punjab,Chennai Super Kings,Chennai Super Kings,normal,0,Chennai Super Kings,0,6,MS Dhoni,Himachal Pradesh Cricket Association Stadium,BF Bowden,AM Saheba,0,
229,2010,Delhi,2010-04-18,Deccan Chargers,Delhi Daredevils,Deccan Chargers,normal,0,Deccan Chargers,11,0,A Symonds,Feroz Shah Kotla,BR Doctrove,SK Tarapore,1,
230,2010,Kolkata,2010-04-19,Mumbai Indians,Kolkata Knight Riders,Mumbai Indians,normal,0,Kolkata Knight Riders,0,9,M Kartik,Eden Gardens,BG Jerling,RE Koertzen,1,
231,2010,Mumbai,2010-04-21,Mumbai Indians,Royal Challengers Bangalore,Mumbai Indians,normal,0,Mumbai Indians,35,0,KA Pollard,Dr DY Patil Sports Academy,BR Doctrove,RB Tiffin,1,
232,2010,Mumbai,2010-04-22,Chennai Super Kings,Deccan Chargers,Chennai Super Kings,normal,0,Chennai Super Kings,38,0,DE Bollinger,Dr DY Patil Sports Academy,BR Doctrove,RB Tiffin,1,
233,2010,Mumbai,2010-04-24,Deccan Chargers,Royal Challengers Bangalore,Deccan Chargers,normal,0,Royal Challengers Bangalore,0,9,A Kumble,Dr DY Patil Sports Academy,RE Koertzen,SJA Taufel,1,
234,2010,Mumbai,2010-04-25,Chennai Super Kings,Mumbai Indians,Chennai Super Kings,normal,0,Chennai Super Kings,22,0,SK Raina,Dr DY Patil Sports Academy,RE Koertzen,SJA Taufel,1,
235,2011,Chennai,2011-04-08,Chennai Super Kings,Kolkata Knight Riders,Chennai Super Kings,normal,0,Chennai Super Kings,2,0,S Anirudha,"MA Chidambaram Stadium, Chepauk",BR Doctrove,PR Reiffel,1,
236,2011,Hyderabad,2011-04-09,Deccan Chargers,Rajasthan Royals,Rajasthan Royals,normal,0,Rajasthan Royals,0,8,SK Trivedi,"Rajiv Gandhi International Stadium, Uppal",RE Koertzen,SK Tarapore,0,
237,2011,Kochi,2011-04-09,Kochi Tuskers Kerala,Royal Challengers Bangalore,Kochi Tuskers Kerala,normal,0,Royal Challengers Bangalore,0,6,AB de Villiers,Nehru Stadium,HDPK Dharmasena,K Hariharan,1,
238,2011,Delhi,2011-04-10,Delhi Daredevils,Mumbai Indians,Delhi Daredevils,normal,0,Mumbai Indians,0,8,SL Malinga,Feroz Shah Kotla,AM Saheba,RB Tiffin,1,
239,2011,Mumbai,2011-04-10,Kings XI Punjab,Pune Warriors,Kings XI Punjab,normal,0,Pune Warriors,0,7,SB Wagh,Dr DY Patil Sports Academy,BR Doctrove,PR Reiffel,1,
240,2011,Kolkata,2011-04-11,Kolkata Knight Riders,Deccan Chargers,Kolkata Knight Riders,normal,0,Kolkata Knight Riders,9,0,JH Kallis,Eden Gardens,RE Koertzen,SK Tarapore,1,
241,2011,Jaipur,2011-04-12,Delhi Daredevils,Rajasthan Royals,Delhi Daredevils,normal,0,Rajasthan Royals,0,6,SK Warne,Sawai Mansingh Stadium,Aleem Dar,RB Tiffin,1,
242,2011,Bangalore,2011-04-12,Royal Challengers Bangalore,Mumbai Indians,Mumbai Indians,normal,0,Mumbai Indians,0,9,SR Tendulkar,M Chinnaswamy Stadium,HDPK Dharmasena,AL Hill,0,
243,2011,Chandigarh,2011-04-13,Chennai Super Kings,Kings XI Punjab,Kings XI Punjab,normal,0,Kings XI Punjab,0,6,PC Valthaty,"Punjab Cricket Association Stadium, Mohali",Asad Rauf,SL Shastri,0,
244,2011,Mumbai,2011-04-13,Kochi Tuskers Kerala,Pune Warriors,Kochi Tuskers Kerala,normal,0,Pune Warriors,0,4,MD Mishra,Dr DY Patil Sports Academy,S Asnani,PR Reiffel,1,
245,2011,Hyderabad,2011-04-14,Deccan Chargers,Royal Challengers Bangalore,Royal Challengers Bangalore,normal,0,Deccan Chargers,33,0,DW Steyn,"Rajiv Gandhi International Stadium, Uppal",RE Koertzen,S Ravi,0,
246,2011,Jaipur,2011-04-15,Rajasthan Royals,Kolkata Knight Riders,Kolkata Knight Riders,normal,0,Kolkata Knight Riders,0,9,G Gambhir,Sawai Mansingh Stadium,Aleem Dar,SS Hazare,0,
247,2011,Mumbai,2011-04-15,Mumbai Indians,Kochi Tuskers Kerala,Kochi Tuskers Kerala,normal,0,Kochi Tuskers Kerala,0,8,BB McCullum,Wankhede Stadium,BR Doctrove,PR Reiffel,0,
248,2011,Chennai,2011-04-16,Chennai Super Kings,Royal Challengers Bangalore,Chennai Super Kings,normal,0,Chennai Super Kings,21,0,MEK Hussey,"MA Chidambaram Stadium, Chepauk",HDPK Dharmasena,AL Hill,1,
286,2011,Hyderabad,2011-05-10,Deccan Chargers,Pune Warriors,Deccan Chargers,normal,0,Pune Warriors,0,6,MR Marsh,"Rajiv Gandhi International Stadium, Uppal",Asad Rauf,AM Saheba,1,
287,2011,Chandigarh,2011-05-10,Kings XI Punjab,Mumbai Indians,Mumbai Indians,normal,0,Kings XI Punjab,76,0,BA Bhatt,"Punjab Cricket Association Stadium, Mohali",SK Tarapore,RJ Tucker,0,
288,2011,Jaipur,2011-05-11,Rajasthan Royals,Royal Challengers Bangalore,Royal Challengers Bangalore,normal,0,Royal Challengers Bangalore,0,9,S Aravind,Sawai Mansingh Stadium,HDPK Dharmasena,K Hariharan,0,
289,2011,Chennai,2011-05-12,Chennai Super Kings,Delhi Daredevils,Chennai Super Kings,normal,0,Chennai Super Kings,18,0,MS Dhoni,"MA Chidambaram Stadium, Chepauk",AM Saheba,SL Shastri,1,
290,2011,Indore,2011-05-13,Kochi Tuskers Kerala,Kings XI Punjab,Kings XI Punjab,normal,0,Kings XI Punjab,0,6,KD Karthik,Holkar Cricket Stadium,S Asnani,RJ Tucker,0,
291,2011,Bangalore,2011-05-14,Kolkata Knight Riders,Royal Challengers Bangalore,Royal Challengers Bangalore,normal,1,Royal Challengers Bangalore,0,4,CH Gayle,M Chinnaswamy Stadium,RE Koertzen,RB Tiffin,0,
292,2011,Mumbai,2011-05-14,Deccan Chargers,Mumbai Indians,Deccan Chargers,normal,0,Deccan Chargers,10,0,A Mishra,Wankhede Stadium,S Ravi,SK Tarapore,1,
293,2011,Dharamsala,2011-05-15,Kings XI Punjab,Delhi Daredevils,Delhi Daredevils,normal,0,Kings XI Punjab,29,0,PP Chawla,Himachal Pradesh Cricket Association Stadium,Asad Rauf,SL Shastri,0,
294,2011,Indore,2011-05-15,Rajasthan Royals,Kochi Tuskers Kerala,Kochi Tuskers Kerala,normal,0,Kochi Tuskers Kerala,0,8,BJ Hodge,Holkar Cricket Stadium,PR Reiffel,RJ Tucker,0,
295,2011,Mumbai,2011-05-16,Pune Warriors,Deccan Chargers,Deccan Chargers,normal,0,Deccan Chargers,0,6,A Mishra,Dr DY Patil Sports Academy,S Ravi,SK Tarapore,0,
296,2011,Dharamsala,2011-05-17,Kings XI Punjab,Royal Challengers Bangalore,Kings XI Punjab,normal,0,Kings XI Punjab,111,0,AC Gilchrist,Himachal Pradesh Cricket Association Stadium,Asad Rauf,AM Saheba,1,
297,2011,Chennai,2011-05-18,Chennai Super Kings,Kochi Tuskers Kerala,Chennai Super Kings,normal,0,Chennai Super Kings,11,0,WP Saha,"MA Chidambaram Stadium, Chepauk",HDPK Dharmasena,RE Koertzen,1,
298,2011,Mumbai,2011-05-19,Pune Warriors,Kolkata Knight Riders,Kolkata Knight Riders,normal,0,Kolkata Knight Riders,0,7,YK Pathan,Dr DY Patil Sports Academy,S Ravi,SJA Taufel,0,
299,2011,Mumbai,2011-05-20,Mumbai Indians,Rajasthan Royals,Mumbai Indians,normal,0,Rajasthan Royals,0,10,SR Watson,Wankhede Stadium,RE Koertzen,PR Reiffel,1,
300,2011,Dharamsala,2011-05-21,Deccan Chargers,Kings XI Punjab,Kings XI Punjab,normal,0,Deccan Chargers,82,0,S Dhawan,Himachal Pradesh Cricket Association Stadium,Asad Rauf,AM Saheba,0,
301,2011,Delhi,2011-05-21,Delhi Daredevils,Pune Warriors,Delhi Daredevils,no result,0,,0,0,,Feroz Shah Kotla,SS Hazare,RJ Tucker,1,
302,2011,Bangalore,2011-05-22,Chennai Super Kings,Royal Challengers Bangalore,Royal Challengers Bangalore,normal,0,Royal Challengers Bangalore,0,8,CH Gayle,M Chinnaswamy Stadium,K Hariharan,RE Koertzen,0,
303,2011,Kolkata,2011-05-22,Kolkata Knight Riders,Mumbai Indians,Mumbai Indians,normal,0,Mumbai Indians,0,5,JEC Franklin,Eden Gardens,SK Tarapore,SJA Taufel,0,
304,2011,Mumbai,2011-05-24,Royal Challengers Bangalore,Chennai Super Kings,Chennai Super Kings,normal,0,Chennai Super Kings,0,6,SK Raina,Wankhede Stadium,Asad Rauf,SJA Taufel,0,
305,2011,Mumbai,2011-05-25,Kolkata Knight Riders,Mumbai Indians,Mumbai Indians,normal,0,Mumbai Indians,0,4,MM Patel,Wankhede Stadium,Asad Rauf,SJA Taufel,0,
306,2011,Chennai,2011-05-27,Royal Challengers Bangalore,Mumbai Indians,Mumbai Indians,normal,0,Royal Challengers Bangalore,43,0,CH Gayle,"MA Chidambaram Stadium, Chepauk",Asad Rauf,SJA Taufel,0,
307,2011,Chennai,2011-05-28,Chennai Super Kings,Royal Challengers Bangalore,Chennai Super Kings,normal,0,Chennai Super Kings,58,0,M Vijay,"MA Chidambaram Stadium, Chepauk",Asad Rauf,SJA Taufel,1,
308,2012,Chennai,2012-04-04,Chennai Super Kings,Mumbai Indians,Mumbai Indians,normal,0,Mumbai Indians,0,8,RE Levi,"MA Chidambaram Stadium, Chepauk",JD Cloete,SJA Taufel,0,
309,2012,Kolkata,2012-04-05,Kolkata Knight Riders,Delhi Daredevils,Delhi Daredevils,normal,0,Delhi Daredevils,0,8,IK Pathan,Eden Gardens,S Asnani,HDPK Dharmasena,0,
310,2012,Mumbai,2012-04-06,Pune Warriors,Mumbai Indians,Mumbai Indians,normal,0,Pune Warriors,28,0,SPD Smith,Wankhede Stadium,AK Chaudhary,SJA Taufel,0,
311,2012,Jaipur,2012-04-06,Rajasthan Royals,Kings XI Punjab,Kings XI Punjab,normal,0,Rajasthan Royals,31,0,AM Rahane,Sawai Mansingh Stadium,BF Bowden,SK Tarapore,0,
312,2012,Bangalore,2012-04-07,Royal Challengers Bangalore,Delhi Daredevils,Delhi Daredevils,normal,0,Royal Challengers Bangalore,20,0,AB de Villiers,M Chinnaswamy Stadium,S Asnani,S Ravi,0,
313,2012,Visakhapatnam,2012-04-07,Chennai Super Kings,Deccan Chargers,Deccan Chargers,normal,0,Chennai Super Kings,74,0,RA Jadeja,Dr. Y.S. Rajasekhara Reddy ACA-VDCA Cricket Stadium,JD Cloete,HDPK Dharmasena,0,
314,2012,Jaipur,2012-04-08,Rajasthan Royals,Kolkata Knight Riders,Kolkata Knight Riders,normal,0,Rajasthan Royals,22,0,BJ Hodge,Sawai Mansingh Stadium,BF Bowden,VA Kulkarni,0,
315,2012,Pune,2012-04-08,Pune Warriors,Kings XI Punjab,Pune Warriors,normal,0,Pune Warriors,22,0,MN Samuels,Subrata Roy Sahara Stadium,S Das,SJA Taufel,1,
316,2012,Visakhapatnam,2012-04-09,Deccan Chargers,Mumbai Indians,Deccan Chargers,normal,0,Mumbai Indians,0,5,RG Sharma,Dr. Y.S. Rajasekhara Reddy ACA-VDCA Cricket Stadium,AK Chaudhary,JD Cloete,1,
317,2012,Bangalore,2012-04-10,Kolkata Knight Riders,Royal Challengers Bangalore,Royal Challengers Bangalore,normal,0,Kolkata Knight Riders,42,0,L Balaji,M Chinnaswamy Stadium,S Ravi,RJ Tucker,0,
318,2012,Delhi,2012-04-10,Chennai Super Kings,Delhi Daredevils,Delhi Daredevils,normal,0,Delhi Daredevils,0,8,M Morkel,Feroz Shah Kotla,Asad Rauf,SK Tarapore,0,
319,2012,Mumbai,2012-04-11,Mumbai Indians,Rajasthan Royals,Rajasthan Royals,normal,0,Mumbai Indians,27,0,KA Pollard,Wankhede Stadium,Aleem Dar,BNJ Oxenford,0,
320,2012,Chennai,2012-04-12,Royal Challengers Bangalore,Chennai Super Kings,Royal Challengers Bangalore,normal,0,Chennai Super Kings,0,5,F du Plessis,"MA Chidambaram Stadium, Chepauk",HDPK Dharmasena,RJ Tucker,1,
321,2012,Chandigarh,2012-04-12,Pune Warriors,Kings XI Punjab,Kings XI Punjab,normal,0,Kings XI Punjab,0,7,AD Mascarenhas,"Punjab Cricket Association Stadium, Mohali",VA Kulkarni,SK Tarapore,0,
322,2012,Kolkata,2012-04-13,Rajasthan Royals,Kolkata Knight Riders,Rajasthan Royals,normal,0,Kolkata Knight Riders,0,5,Shakib Al Hasan,Eden Gardens,Asad Rauf,S Asnani,1,
323,2012,Delhi,2012-04-19,Deccan Chargers,Delhi Daredevils,Deccan Chargers,normal,0,Delhi Daredevils,0,5,KP Pietersen,Feroz Shah Kotla,BF Bowden,SK Tarapore,1,
324,2012,Pune,2012-04-14,Chennai Super Kings,Pune Warriors,Chennai Super Kings,normal,0,Pune Warriors,0,7,JD Ryder,Subrata Roy Sahara Stadium,Aleem Dar,BNJ Oxenford,1,
325,2012,Kolkata,2012-04-15,Kings XI Punjab,Kolkata Knight Riders,Kolkata Knight Riders,normal,0,Kings XI Punjab,2,0,SP Narine,Eden Gardens,Asad Rauf,S Asnani,0,
326,2012,Bangalore,2012-04-15,Rajasthan Royals,Royal Challengers Bangalore,Rajasthan Royals,normal,0,Rajasthan Royals,59,0,AM Rahane,M Chinnaswamy Stadium,JD Cloete,RJ Tucker,1,
327,2012,Mumbai,2012-04-16,Mumbai Indians,Delhi Daredevils,Delhi Daredevils,normal,0,Delhi Daredevils,0,7,S Nadeem,Wankhede Stadium,BF Bowden,SK Tarapore,0,
328,2012,Jaipur,2012-04-17,Deccan Chargers,Rajasthan Royals,Deccan Chargers,normal,0,Rajasthan Royals,0,5,BJ Hodge,Sawai Mansingh Stadium,Aleem Dar,BNJ Oxenford,1,
329,2012,Bangalore,2012-04-17,Pune Warriors,Royal Challengers Bangalore,Pune Warriors,normal,0,Royal Challengers Bangalore,0,6,CH Gayle,M Chinnaswamy Stadium,S Asnani,S Das,1,
330,2012,Chandigarh,2012-04-18,Kings XI Punjab,Kolkata Knight Riders,Kings XI Punjab,normal,0,Kolkata Knight Riders,0,8,G Gambhir,"Punjab Cricket Association Stadium, Mohali",JD Cloete,RJ Tucker,1,
331,2012,Hyderabad,2012-05-10,Deccan Chargers,Delhi Daredevils,Deccan Chargers,normal,0,Delhi Daredevils,0,9,DA Warner,"Rajiv Gandhi International Stadium, Uppal",JD Cloete,SJA Taufel,1,
332,2012,Chennai,2012-04-19,Chennai Super Kings,Pune Warriors,Pune Warriors,normal,0,Chennai Super Kings,13,0,KMDN Kulasekara,"MA Chidambaram Stadium, Chepauk",Asad Rauf,S Das,0,
333,2012,Chandigarh,2012-04-20,Kings XI Punjab,Royal Challengers Bangalore,Royal Challengers Bangalore,normal,0,Royal Challengers Bangalore,0,5,CH Gayle,"Punjab Cricket Association Stadium, Mohali",S Ravi,RJ Tucker,0,
334,2012,Chennai,2012-04-21,Rajasthan Royals,Chennai Super Kings,Rajasthan Royals,normal,0,Chennai Super Kings,0,7,F du Plessis,"MA Chidambaram Stadium, Chepauk",Aleem Dar,BNJ Oxenford,1,
335,2012,Delhi,2012-04-21,Pune Warriors,Delhi Daredevils,Delhi Daredevils,normal,0,Pune Warriors,20,0,SC Ganguly,Feroz Shah Kotla,Asad Rauf,S Das,0,
336,2012,Mumbai,2012-04-22,Mumbai Indians,Kings XI Punjab,Mumbai Indians,normal,0,Kings XI Punjab,0,6,SE Marsh,Wankhede Stadium,S Ravi,RJ Tucker,1,
337,2012,Cuttack,2012-04-22,Deccan Chargers,Kolkata Knight Riders,Kolkata Knight Riders,normal,0,Kolkata Knight Riders,0,5,B Lee,Barabati Stadium,BF Bowden,SK Tarapore,0,
338,2012,Jaipur,2012-04-23,Royal Challengers Bangalore,Rajasthan Royals,Rajasthan Royals,normal,0,Royal Challengers Bangalore,46,0,AB de Villiers,Sawai Mansingh Stadium,Asad Rauf,S Asnani,0,
339,2012,Pune,2012-04-24,Pune Warriors,Delhi Daredevils,Pune Warriors,normal,0,Delhi Daredevils,0,8,V Sehwag,Subrata Roy Sahara Stadium,S Ravi,RJ Tucker,1,
340,2012,Chandigarh,2012-04-25,Kings XI Punjab,Mumbai Indians,Kings XI Punjab,normal,0,Mumbai Indians,0,4,AT Rayudu,"Punjab Cricket Association Stadium, Mohali",Aleem Dar,BNJ Oxenford,1,
341,2012,Pune,2012-04-26,Deccan Chargers,Pune Warriors,Deccan Chargers,normal,0,Deccan Chargers,18,0,CL White,Subrata Roy Sahara Stadium,S Ravi,RJ Tucker,1,
342,2012,Delhi,2012-04-27,Delhi Daredevils,Mumbai Indians,Mumbai Indians,normal,0,Delhi Daredevils,37,0,V Sehwag,Feroz Shah Kotla,Aleem Dar,BNJ Oxenford,0,
343,2012,Chennai,2012-04-28,Kings XI Punjab,Chennai Super Kings,Kings XI Punjab,normal,0,Kings XI Punjab,7,0,Mandeep Singh,"MA Chidambaram Stadium, Chepauk",BF Bowden,SK Tarapore,1,
344,2012,Kolkata,2012-04-28,Kolkata Knight Riders,Royal Challengers Bangalore,Kolkata Knight Riders,normal,0,Kolkata Knight Riders,47,0,G Gambhir,Eden Gardens,Asad Rauf,BR Doctrove,1,
345,2012,Delhi,2012-04-29,Delhi Daredevils,Rajasthan Royals,Delhi Daredevils,normal,0,Delhi Daredevils,1,0,V Sehwag,Feroz Shah Kotla,S Ravi,RJ Tucker,1,
346,2012,Mumbai,2012-04-29,Deccan Chargers,Mumbai Indians,Mumbai Indians,normal,0,Mumbai Indians,0,5,DW Steyn,Wankhede Stadium,AK Chaudhary,BNJ Oxenford,0,
347,2012,Chennai,2012-04-30,Chennai Super Kings,Kolkata Knight Riders,Chennai Super Kings,normal,0,Kolkata Knight Riders,0,5,G Gambhir,"MA Chidambaram Stadium, Chepauk",BF Bowden,C Shamshuddin,1,
348,2012,Cuttack,2012-05-01,Deccan Chargers,Pune Warriors,Deccan Chargers,normal,0,Deccan Chargers,13,0,KC Sangakkara,Barabati Stadium,Aleem Dar,AK Chaudhary,1,
349,2012,Jaipur,2012-05-01,Rajasthan Royals,Delhi Daredevils,Rajasthan Royals,normal,0,Delhi Daredevils,0,6,P Negi,Sawai Mansingh Stadium,JD Cloete,SJA Taufel,1,
350,2012,Bangalore,2012-05-02,Royal Challengers Bangalore,Kings XI Punjab,Kings XI Punjab,normal,0,Kings XI Punjab,0,4,Azhar Mahmood,M Chinnaswamy Stadium,BF Bowden,C Shamshuddin,0,
351,2012,Pune,2012-05-03,Mumbai Indians,Pune Warriors,Mumbai Indians,normal,0,Mumbai Indians,1,0,SL Malinga,Subrata Roy Sahara Stadium,Asad Rauf,S Asnani,1,
352,2012,Chennai,2012-05-04,Chennai Super Kings,Deccan Chargers,Chennai Super Kings,normal,0,Chennai Super Kings,10,0,SK Raina,"MA Chidambaram Stadium, Chepauk",HDPK Dharmasena,BNJ Oxenford,1,
353,2012,Kolkata,2012-05-05,Kolkata Knight Riders,Pune Warriors,Kolkata Knight Riders,normal,0,Kolkata Knight Riders,7,0,SP Narine,Eden Gardens,BF Bowden,SK Tarapore,1,
354,2012,Chandigarh,2012-05-05,Rajasthan Royals,Kings XI Punjab,Rajasthan Royals,normal,0,Rajasthan Royals,43,0,SR Watson,"Punjab Cricket Association Stadium, Mohali",JD Cloete,SJA Taufel,1,
355,2012,Mumbai,2012-05-06,Chennai Super Kings,Mumbai Indians,Mumbai Indians,normal,0,Mumbai Indians,0,2,DR Smith,Wankhede Stadium,Asad Rauf,S Asnani,0,
356,2012,Bangalore,2012-05-06,Deccan Chargers,Royal Challengers Bangalore,Royal Challengers Bangalore,normal,0,Royal Challengers Bangalore,0,5,AB de Villiers,M Chinnaswamy Stadium,HDPK Dharmasena,BNJ Oxenford,0,
357,2012,Delhi,2012-05-07,Delhi Daredevils,Kolkata Knight Riders,Delhi Daredevils,normal,0,Kolkata Knight Riders,0,6,JH Kallis,Feroz Shah Kotla,JD Cloete,S Ravi,1,
358,2012,Pune,2012-05-08,Pune Warriors,Rajasthan Royals,Pune Warriors,normal,0,Rajasthan Royals,0,7,SR Watson,Subrata Roy Sahara Stadium,Asad Rauf,BR Doctrove,1,
359,2012,Hyderabad,2012-05-08,Kings XI Punjab,Deccan Chargers,Deccan Chargers,normal,0,Kings XI Punjab,25,0,Mandeep Singh,"Rajiv Gandhi International Stadium, Uppal",HDPK Dharmasena,BNJ Oxenford,0,
360,2012,Mumbai,2012-05-09,Mumbai Indians,Royal Challengers Bangalore,Royal Challengers Bangalore,normal,0,Royal Challengers Bangalore,0,9,CH Gayle,Wankhede Stadium,BF Bowden,VA Kulkarni,0,
361,2012,Jaipur,2012-05-10,Rajasthan Royals,Chennai Super Kings,Chennai Super Kings,normal,0,Chennai Super Kings,0,4,BW Hilfenhaus,Sawai Mansingh Stadium,BNJ Oxenford,C Shamshuddin,0,
362,2012,Pune,2012-05-11,Royal Challengers Bangalore,Pune Warriors,Pune Warriors,normal,0,Royal Challengers Bangalore,35,0,CH Gayle,Subrata Roy Sahara Stadium,BF Bowden,SK Tarapore,0,
363,2012,Kolkata,2012-05-12,Mumbai Indians,Kolkata Knight Riders,Mumbai Indians,normal,0,Mumbai Indians,27,0,RG Sharma,Eden Gardens,S Ravi,SJA Taufel,1,
364,2012,Chennai,2012-05-12,Delhi Daredevils,Chennai Super Kings,Chennai Super Kings,normal,0,Chennai Super Kings,0,9,BW Hilfenhaus,"MA Chidambaram Stadium, Chepauk",S Das,BR Doctrove,0,
365,2012,Jaipur,2012-05-13,Rajasthan Royals,Pune Warriors,Rajasthan Royals,normal,0,Rajasthan Royals,45,0,A Chandila,Sawai Mansingh Stadium,BF Bowden,SK Tarapore,1,
366,2012,Chandigarh,2012-05-13,Deccan Chargers,Kings XI Punjab,Deccan Chargers,normal,0,Kings XI Punjab,0,4,DJ Hussey,"Punjab Cricket Association Stadium, Mohali",HDPK Dharmasena,BNJ Oxenford,1,
367,2012,Bangalore,2012-05-14,Royal Challengers Bangalore,Mumbai Indians,Mumbai Indians,normal,0,Mumbai Indians,0,5,AT Rayudu,M Chinnaswamy Stadium,S Das,BR Doctrove,0,
368,2012,Kolkata,2012-05-14,Kolkata Knight Riders,Chennai Super Kings,Chennai Super Kings,normal,0,Chennai Super Kings,0,5,MEK Hussey,Eden Gardens,JD Cloete,SJA Taufel,0,
369,2012,Delhi,2012-05-15,Kings XI Punjab,Delhi Daredevils,Kings XI Punjab,normal,0,Delhi Daredevils,0,5,UT Yadav,Feroz Shah Kotla,HDPK Dharmasena,BNJ Oxenford,1,
370,2012,Mumbai,2012-05-16,Kolkata Knight Riders,Mumbai Indians,Mumbai Indians,normal,0,Kolkata Knight Riders,32,0,SP Narine,Wankhede Stadium,S Das,BR Doctrove,0,
371,2012,Dharamsala,2012-05-17,Chennai Super Kings,Kings XI Punjab,Kings XI Punjab,normal,0,Kings XI Punjab,0,6,AC Gilchrist,Himachal Pradesh Cricket Association Stadium,VA Kulkarni,SK Tarapore,0,
372,2012,Delhi,2012-05-17,Royal Challengers Bangalore,Delhi Daredevils,Delhi Daredevils,normal,0,Royal Challengers Bangalore,21,0,CH Gayle,Feroz Shah Kotla,HDPK Dharmasena,C Shamshuddin,0,
373,2012,Hyderabad,2012-05-18,Rajasthan Royals,Deccan Chargers,Rajasthan Royals,normal,0,Deccan Chargers,0,5,DW Steyn,"Rajiv Gandhi International Stadium, Uppal",S Ravi,SJA Taufel,1,
374,2012,Dharamsala,2012-05-19,Kings XI Punjab,Delhi Daredevils,Delhi Daredevils,normal,0,Delhi Daredevils,0,6,UT Yadav,Himachal Pradesh Cricket Association Stadium,BF Bowden,VA Kulkarni,0,
375,2012,Pune,2012-05-19,Kolkata Knight Riders,Pune Warriors,Kolkata Knight Riders,normal,0,Kolkata Knight Riders,34,0,Shakib Al Hasan,Subrata Roy Sahara Stadium,S Asnani,BR Doctrove,1,
376,2012,Hyderabad,2012-05-20,Deccan Chargers,Royal Challengers Bangalore,Royal Challengers Bangalore,normal,0,Deccan Chargers,9,0,DW Steyn,"Rajiv Gandhi International Stadium, Uppal",S Ravi,SJA Taufel,0,
377,2012,Jaipur,2012-05-20,Rajasthan Royals,Mumbai Indians,Rajasthan Royals,normal,0,Mumbai Indians,0,10,DR Smith,Sawai Mansingh Stadium,HDPK Dharmasena,C Shamshuddin,1,
378,2012,Pune,2012-05-22,Kolkata Knight Riders,Delhi Daredevils,Kolkata Knight Riders,normal,0,Kolkata Knight Riders,18,0,YK Pathan,Subrata Roy Sahara Stadium,BR Doctrove,SJA Taufel,1,
379,2012,Bangalore,2012-05-23,Chennai Super Kings,Mumbai Indians,Mumbai Indians,normal,0,Chennai Super Kings,38,0,MS Dhoni,M Chinnaswamy Stadium,BF Bowden,HDPK Dharmasena,0,
401,2013,Bangalore,2013-04-16,Delhi Daredevils,Royal Challengers Bangalore,Royal Challengers Bangalore,tie,0,Royal Challengers Bangalore,0,0,V Kohli,M Chinnaswamy Stadium,M Erasmus,VA Kulkarni,0,
402,2013,Pune,2013-04-17,Sunrisers Hyderabad,Pune Warriors,Pune Warriors,normal,0,Sunrisers Hyderabad,11,0,A Mishra,Subrata Roy Sahara Stadium,Asad Rauf,AK Chaudhary,0,
403,2013,Jaipur,2013-04-17,Rajasthan Royals,Mumbai Indians,Rajasthan Royals,normal,0,Rajasthan Royals,87,0,AM Rahane,Sawai Mansingh Stadium,Aleem Dar,C Shamshuddin,1,
404,2013,Delhi,2013-04-18,Chennai Super Kings,Delhi Daredevils,Chennai Super Kings,normal,0,Chennai Super Kings,86,0,MEK Hussey,Feroz Shah Kotla,M Erasmus,VA Kulkarni,1,
405,2013,Hyderabad,2013-04-19,Kings XI Punjab,Sunrisers Hyderabad,Kings XI Punjab,normal,0,Sunrisers Hyderabad,0,5,GH Vihari,"Rajiv Gandhi International Stadium, Uppal",HDPK Dharmasena,CK Nandan,1,
406,2013,Kolkata,2013-04-20,Kolkata Knight Riders,Chennai Super Kings,Kolkata Knight Riders,normal,0,Chennai Super Kings,0,4,RA Jadeja,Eden Gardens,Asad Rauf,AK Chaudhary,1,
407,2013,Bangalore,2013-04-20,Rajasthan Royals,Royal Challengers Bangalore,Royal Challengers Bangalore,normal,0,Royal Challengers Bangalore,0,7,R Vinay Kumar,M Chinnaswamy Stadium,Aleem Dar,C Shamshuddin,0,
408,2013,Delhi,2013-04-21,Mumbai Indians,Delhi Daredevils,Mumbai Indians,normal,0,Delhi Daredevils,0,9,V Sehwag,Feroz Shah Kotla,HDPK Dharmasena,S Ravi,1,
409,2013,Chandigarh,2013-04-21,Pune Warriors,Kings XI Punjab,Kings XI Punjab,normal,0,Kings XI Punjab,0,7,DA Miller,"Punjab Cricket Association Stadium, Mohali",M Erasmus,K Srinath,0,
410,2013,Chennai,2013-04-22,Rajasthan Royals,Chennai Super Kings,Rajasthan Royals,normal,0,Chennai Super Kings,0,5,MEK Hussey,"MA Chidambaram Stadium, Chepauk",S Asnani,AK Chaudhary,1,
411,2013,Bangalore,2013-04-23,Royal Challengers Bangalore,Pune Warriors,Pune Warriors,normal,0,Royal Challengers Bangalore,130,0,CH Gayle,M Chinnaswamy Stadium,Aleem Dar,C Shamshuddin,0,
412,2013,Dharamsala,2013-05-16,Kings XI Punjab,Delhi Daredevils,Delhi Daredevils,normal,0,Kings XI Punjab,7,0,DA Miller,Himachal Pradesh Cricket Association Stadium,HDPK Dharmasena,S Ravi,0,
413,2013,Kolkata,2013-04-24,Kolkata Knight Riders,Mumbai Indians,Kolkata Knight Riders,normal,0,Mumbai Indians,0,5,DR Smith,Eden Gardens,HDPK Dharmasena,S Ravi,1,
414,2013,Chennai,2013-04-25,Sunrisers Hyderabad,Chennai Super Kings,Sunrisers Hyderabad,normal,0,Chennai Super Kings,0,5,MS Dhoni,"MA Chidambaram Stadium, Chepauk",Aleem Dar,S Das,1,
415,2013,Kolkata,2013-04-26,Kings XI Punjab,Kolkata Knight Riders,Kings XI Punjab,normal,0,Kolkata Knight Riders,0,6,JH Kallis,Eden Gardens,CK Nandan,S Ravi,1,
416,2013,Jaipur,2013-04-27,Sunrisers Hyderabad,Rajasthan Royals,Sunrisers Hyderabad,normal,0,Rajasthan Royals,0,8,JP Faulkner,Sawai Mansingh Stadium,VA Kulkarni,K Srinath,1,
417,2013,Mumbai,2013-04-27,Mumbai Indians,Royal Challengers Bangalore,Mumbai Indians,normal,0,Mumbai Indians,58,0,DR Smith,Wankhede Stadium,Asad Rauf,S Asnani,1,
418,2013,Chennai,2013-04-28,Chennai Super Kings,Kolkata Knight Riders,Kolkata Knight Riders,normal,0,Chennai Super Kings,14,0,MEK Hussey,"MA Chidambaram Stadium, Chepauk",Aleem Dar,SJA Taufel,0,
419,2013,Raipur,2013-04-28,Delhi Daredevils,Pune Warriors,Pune Warriors,normal,0,Delhi Daredevils,15,0,DA Warner,Shaheed Veer Narayan Singh International Stadium,CK Nandan,S Ravi,0,
420,2013,Jaipur,2013-04-29,Royal Challengers Bangalore,Rajasthan Royals,Rajasthan Royals,normal,0,Rajasthan Royals,0,4,SV Samson,Sawai Mansingh Stadium,M Erasmus,K Srinath,0,
421,2013,Mumbai,2013-04-29,Mumbai Indians,Kings XI Punjab,Mumbai Indians,normal,0,Mumbai Indians,4,0,RG Sharma,Wankhede Stadium,Asad Rauf,AK Chaudhary,1,
422,2013,Pune,2013-04-30,Chennai Super Kings,Pune Warriors,Chennai Super Kings,normal,0,Chennai Super Kings,37,0,MS Dhoni,Subrata Roy Sahara Stadium,S Das,SJA Taufel,1,
423,2013,Hyderabad,2013-05-01,Mumbai Indians,Sunrisers Hyderabad,Mumbai Indians,normal,0,Sunrisers Hyderabad,0,7,I Sharma,"Rajiv Gandhi International Stadium, Uppal",Asad Rauf,S Asnani,1,
424,2013,Raipur,2013-05-01,Kolkata Knight Riders,Delhi Daredevils,Kolkata Knight Riders,normal,0,Delhi Daredevils,0,7,DA Warner,Shaheed Veer Narayan Singh International Stadium,HDPK Dharmasena,CK Nandan,1,
425,2013,Chennai,2013-05-02,Chennai Super Kings,Kings XI Punjab,Chennai Super Kings,normal,0,Chennai Super Kings,15,0,SK Raina,"MA Chidambaram Stadium, Chepauk",M Erasmus,VA Kulkarni,1,
426,2013,Pune,2013-05-02,Royal Challengers Bangalore,Pune Warriors,Royal Challengers Bangalore,normal,0,Royal Challengers Bangalore,17,0,AB de Villiers,Subrata Roy Sahara Stadium,Aleem Dar,C Shamshuddin,1,
427,2013,Kolkata,2013-05-03,Rajasthan Royals,Kolkata Knight Riders,Rajasthan Royals,normal,0,Kolkata Knight Riders,0,8,YK Pathan,Eden Gardens,HDPK Dharmasena,CK Nandan,1,
428,2013,Hyderabad,2013-05-04,Delhi Daredevils,Sunrisers Hyderabad,Delhi Daredevils,normal,0,Sunrisers Hyderabad,0,6,DJG Sammy,"Rajiv Gandhi International Stadium, Uppal",Asad Rauf,S Asnani,1,
429,2013,Bangalore,2013-05-14,Royal Challengers Bangalore,Kings XI Punjab,Kings XI Punjab,normal,0,Kings XI Punjab,0,7,AC Gilchrist,M Chinnaswamy Stadium,HDPK Dharmasena,S Ravi,0,
430,2013,Mumbai,2013-05-05,Mumbai Indians,Chennai Super Kings,Mumbai Indians,normal,0,Mumbai Indians,60,0,MG Johnson,Wankhede Stadium,HDPK Dharmasena,CK Nandan,1,
431,2013,Jaipur,2013-05-05,Pune Warriors,Rajasthan Royals,Pune Warriors,normal,0,Rajasthan Royals,0,5,AM Rahane,Sawai Mansingh Stadium,C Shamshuddin,RJ Tucker,1,
432,2013,Bangalore,2013-04-09,Sunrisers Hyderabad,Royal Challengers Bangalore,Sunrisers Hyderabad,normal,0,Royal Challengers Bangalore,0,7,V Kohli,M Chinnaswamy Stadium,S Ravi,SJA Taufel,1,
433,2013,Jaipur,2013-05-07,Delhi Daredevils,Rajasthan Royals,Delhi Daredevils,normal,0,Rajasthan Royals,0,9,AM Rahane,Sawai Mansingh Stadium,Aleem Dar,RJ Tucker,1,
434,2013,Mumbai,2013-05-07,Mumbai Indians,Kolkata Knight Riders,Mumbai Indians,normal,0,Mumbai Indians,65,0,SR Tendulkar,Wankhede Stadium,HDPK Dharmasena,S Ravi,1,
435,2013,Hyderabad,2013-05-08,Chennai Super Kings,Sunrisers Hyderabad,Sunrisers Hyderabad,normal,0,Chennai Super Kings,77,0,SK Raina,"Rajiv Gandhi International Stadium, Uppal",S Das,NJ Llong,0,
436,2013,Chandigarh,2013-05-09,Kings XI Punjab,Rajasthan Royals,Rajasthan Royals,normal,0,Rajasthan Royals,0,8,KK Cooper,"Punjab Cricket Association Stadium, Mohali",HDPK Dharmasena,S Ravi,0,
437,2013,Pune,2013-05-09,Kolkata Knight Riders,Pune Warriors,Kolkata Knight Riders,normal,0,Kolkata Knight Riders,46,0,G Gambhir,Subrata Roy Sahara Stadium,Asad Rauf,S Asnani,1,
438,2013,Delhi,2013-05-10,Royal Challengers Bangalore,Delhi Daredevils,Delhi Daredevils,normal,0,Royal Challengers Bangalore,4,0,JD Unadkat,Feroz Shah Kotla,NJ Llong,K Srinath,0,
439,2013,Pune,2013-05-11,Pune Warriors,Mumbai Indians,Pune Warriors,normal,0,Mumbai Indians,0,5,MG Johnson,Subrata Roy Sahara Stadium,Asad Rauf,AK Chaudhary,1,
440,2013,Chandigarh,2013-05-11,Sunrisers Hyderabad,Kings XI Punjab,Kings XI Punjab,normal,0,Sunrisers Hyderabad,30,0,PA Patel,"Punjab Cricket Association Stadium, Mohali",S Das,RJ Tucker,0,
441,2013,Ranchi,2013-05-12,Royal Challengers Bangalore,Kolkata Knight Riders,Kolkata Knight Riders,normal,0,Kolkata Knight Riders,0,5,JH Kallis,JSCA International Stadium Complex,NJ Llong,K Srinath,0,
442,2013,Jaipur,2013-05-12,Chennai Super Kings,Rajasthan Royals,Rajasthan Royals,normal,0,Rajasthan Royals,0,5,SR Watson,Sawai Mansingh Stadium,HDPK Dharmasena,CK Nandan,0,
443,2013,Delhi,2013-04-23,Delhi Daredevils,Kings XI Punjab,Kings XI Punjab,normal,0,Kings XI Punjab,0,5,Harmeet Singh,Feroz Shah Kotla,VA Kulkarni,K Srinath,0,
444,2013,Mumbai,2013-05-13,Sunrisers Hyderabad,Mumbai Indians,Sunrisers Hyderabad,normal,0,Mumbai Indians,0,7,KA Pollard,Wankhede Stadium,AK Chaudhary,SJA Taufel,1,
445,2013,Ranchi,2013-05-15,Pune Warriors,Kolkata Knight Riders,Kolkata Knight Riders,normal,0,Pune Warriors,7,0,MK Pandey,JSCA International Stadium Complex,NJ Llong,K Srinath,0,
446,2013,Chennai,2013-05-14,Chennai Super Kings,Delhi Daredevils,Chennai Super Kings,normal,0,Chennai Super Kings,33,0,MS Dhoni,"MA Chidambaram Stadium, Chepauk",C Shamshuddin,RJ Tucker,1,
447,2013,Mumbai,2013-05-15,Mumbai Indians,Rajasthan Royals,Rajasthan Royals,normal,0,Mumbai Indians,14,0,AP Tare,Wankhede Stadium,Asad Rauf,S Asnani,0,
448,2013,Chandigarh,2013-05-06,Royal Challengers Bangalore,Kings XI Punjab,Kings XI Punjab,normal,0,Kings XI Punjab,0,6,DA Miller,"Punjab Cricket Association Stadium, Mohali",VA Kulkarni,NJ Llong,0,
449,2013,Hyderabad,2013-05-17,Sunrisers Hyderabad,Rajasthan Royals,Sunrisers Hyderabad,normal,0,Sunrisers Hyderabad,23,0,A Mishra,"Rajiv Gandhi International Stadium, Uppal",Asad Rauf,AK Chaudhary,1,
450,2013,Dharamsala,2013-05-18,Kings XI Punjab,Mumbai Indians,Mumbai Indians,normal,0,Kings XI Punjab,50,0,Azhar Mahmood,Himachal Pradesh Cricket Association Stadium,HDPK Dharmasena,CK Nandan,0,
451,2013,Pune,2013-05-19,Pune Warriors,Delhi Daredevils,Pune Warriors,normal,0,Pune Warriors,38,0,LJ Wright,Subrata Roy Sahara Stadium,NJ Llong,SJA Taufel,1,
452,2013,Bangalore,2013-05-18,Royal Challengers Bangalore,Chennai Super Kings,Chennai Super Kings,normal,0,Royal Challengers Bangalore,24,0,V Kohli,M Chinnaswamy Stadium,C Shamshuddin,RJ Tucker,0,
453,2013,Hyderabad,2013-05-19,Kolkata Knight Riders,Sunrisers Hyderabad,Kolkata Knight Riders,normal,0,Sunrisers Hyderabad,0,5,PA Patel,"Rajiv Gandhi International Stadium, Uppal",Asad Rauf,S Asnani,1,
454,2013,Delhi,2013-05-21,Chennai Super Kings,Mumbai Indians,Chennai Super Kings,normal,0,Chennai Super Kings,48,0,MEK Hussey,Feroz Shah Kotla,NJ Llong,RJ Tucker,1,
455,2013,Delhi,2013-05-22,Sunrisers Hyderabad,Rajasthan Royals,Sunrisers Hyderabad,normal,0,Rajasthan Royals,0,4,BJ Hodge,Feroz Shah Kotla,S Ravi,RJ Tucker,1,
456,2013,Kolkata,2013-05-24,Rajasthan Royals,Mumbai Indians,Rajasthan Royals,normal,0,Mumbai Indians,0,4,Harbhajan Singh,Eden Gardens,C Shamshuddin,SJA Taufel,1,
457,2013,Kolkata,2013-05-26,Mumbai Indians,Chennai Super Kings,Mumbai Indians,normal,0,Mumbai Indians,23,0,KA Pollard,Eden Gardens,HDPK Dharmasena,SJA Taufel,1,
458,2014,Abu Dhabi,2014-04-16,Kolkata Knight Riders,Mumbai Indians,Kolkata Knight Riders,normal,0,Kolkata Knight Riders,41,0,JH Kallis,Sheikh Zayed Stadium,M Erasmus,RK Illingworth,1,
459,2014,Sharjah,2014-04-17,Delhi Daredevils,Royal Challengers Bangalore,Royal Challengers Bangalore,normal,0,Royal Challengers Bangalore,0,8,YS Chahal,Sharjah Cricket Stadium,Aleem Dar,S Ravi,0,
460,2014,Abu Dhabi,2014-04-18,Chennai Super Kings,Kings XI Punjab,Chennai Super Kings,normal,0,Kings XI Punjab,0,6,GJ Maxwell,Sheikh Zayed Stadium,RK Illingworth,C Shamshuddin,1,
461,2014,Abu Dhabi,2014-04-18,Sunrisers Hyderabad,Rajasthan Royals,Rajasthan Royals,normal,0,Rajasthan Royals,0,4,AM Rahane,Sheikh Zayed Stadium,BF Bowden,RK Illingworth,0,
462,2014,,2014-04-19,Mumbai Indians,Royal Challengers Bangalore,Royal Challengers Bangalore,normal,0,Royal Challengers Bangalore,0,7,PA Patel,Dubai International Cricket Stadium,Aleem Dar,AK Chaudhary,0,
463,2014,,2014-04-19,Kolkata Knight Riders,Delhi Daredevils,Kolkata Knight Riders,normal,0,Delhi Daredevils,0,4,JP Duminy,Dubai International Cricket Stadium,Aleem Dar,VA Kulkarni,1,
464,2014,Sharjah,2014-04-20,Rajasthan Royals,Kings XI Punjab,Kings XI Punjab,normal,0,Kings XI Punjab,0,7,GJ Maxwell,Sharjah Cricket Stadium,BF Bowden,M Erasmus,0,
465,2014,Abu Dhabi,2014-04-21,Chennai Super Kings,Delhi Daredevils,Chennai Super Kings,normal,0,Chennai Super Kings,93,0,SK Raina,Sheikh Zayed Stadium,RK Illingworth,C Shamshuddin,1,
466,2014,Sharjah,2014-04-22,Kings XI Punjab,Sunrisers Hyderabad,Sunrisers Hyderabad,normal,0,Kings XI Punjab,72,0,GJ Maxwell,Sharjah Cricket Stadium,M Erasmus,S Ravi,0,
467,2014,,2014-04-23,Chennai Super Kings,Rajasthan Royals,Rajasthan Royals,normal,0,Chennai Super Kings,7,0,RA Jadeja,Dubai International Cricket Stadium,HDPK Dharmasena,RK Illingworth,0,
468,2014,Sharjah,2014-04-24,Kolkata Knight Riders,Royal Challengers Bangalore,Royal Challengers Bangalore,normal,0,Kolkata Knight Riders,2,0,CA Lynn,Sharjah Cricket Stadium,Aleem Dar,VA Kulkarni,0,
469,2014,,2014-04-25,Sunrisers Hyderabad,Delhi Daredevils,Sunrisers Hyderabad,normal,0,Sunrisers Hyderabad,4,0,AJ Finch,Dubai International Cricket Stadium,M Erasmus,S Ravi,1,
470,2014,,2014-04-25,Mumbai Indians,Chennai Super Kings,Mumbai Indians,normal,0,Chennai Super Kings,0,7,MM Sharma,Dubai International Cricket Stadium,BF Bowden,M Erasmus,1,
471,2014,Abu Dhabi,2014-04-26,Royal Challengers Bangalore,Rajasthan Royals,Rajasthan Royals,normal,0,Rajasthan Royals,0,6,PV Tambe,Sheikh Zayed Stadium,HDPK Dharmasena,C Shamshuddin,0,
472,2014,Abu Dhabi,2014-04-26,Kings XI Punjab,Kolkata Knight Riders,Kolkata Knight Riders,normal,0,Kings XI Punjab,23,0,Sandeep Sharma,Sheikh Zayed Stadium,HDPK Dharmasena,RK Illingworth,0,
473,2014,Sharjah,2014-04-27,Mumbai Indians,Delhi Daredevils,Mumbai Indians,normal,0,Delhi Daredevils,0,6,M Vijay,Sharjah Cricket Stadium,Aleem Dar,VA Kulkarni,1,
474,2014,Sharjah,2014-04-27,Sunrisers Hyderabad,Chennai Super Kings,Sunrisers Hyderabad,normal,0,Chennai Super Kings,0,5,DR Smith,Sharjah Cricket Stadium,AK Chaudhary,VA Kulkarni,1,
475,2014,,2014-04-28,Royal Challengers Bangalore,Kings XI Punjab,Kings XI Punjab,normal,0,Kings XI Punjab,0,5,Sandeep Sharma,Dubai International Cricket Stadium,BF Bowden,S Ravi,0,
476,2014,Abu Dhabi,2014-04-29,Rajasthan Royals,Kolkata Knight Riders,Rajasthan Royals,tie,0,Rajasthan Royals,0,0,JP Faulkner,Sheikh Zayed Stadium,Aleem Dar,AK Chaudhary,1,
477,2014,,2014-04-30,Sunrisers Hyderabad,Mumbai Indians,Mumbai Indians,normal,0,Sunrisers Hyderabad,15,0,B Kumar,Dubai International Cricket Stadium,HDPK Dharmasena,M Erasmus,0,
478,2014,Ranchi,2014-05-02,Chennai Super Kings,Kolkata Knight Riders,Chennai Super Kings,normal,0,Chennai Super Kings,34,0,RA Jadeja,JSCA International Stadium Complex,AK Chaudhary,NJ Llong,1,
479,2014,Mumbai,2014-05-03,Kings XI Punjab,Mumbai Indians,Kings XI Punjab,normal,0,Mumbai Indians,0,5,CJ Anderson,Wankhede Stadium,BNJ Oxenford,C Shamshuddin,1,
480,2014,Delhi,2014-05-03,Delhi Daredevils,Rajasthan Royals,Rajasthan Royals,normal,0,Rajasthan Royals,0,7,KK Nair,Feroz Shah Kotla,SS Hazare,S Ravi,0,
481,2014,Bangalore,2014-05-04,Sunrisers Hyderabad,Royal Challengers Bangalore,Royal Challengers Bangalore,normal,0,Royal Challengers Bangalore,0,4,AB de Villiers,M Chinnaswamy Stadium,HDPK Dharmasena,VA Kulkarni,0,
482,2014,Ahmedabad,2014-05-05,Rajasthan Royals,Kolkata Knight Riders,Kolkata Knight Riders,normal,0,Rajasthan Royals,10,0,PV Tambe,"Sardar Patel Stadium, Motera",NJ Llong,CK Nandan,0,
483,2014,Delhi,2014-05-05,Delhi Daredevils,Chennai Super Kings,Chennai Super Kings,normal,0,Chennai Super Kings,0,8,DR Smith,Feroz Shah Kotla,RM Deshpande,BNJ Oxenford,0,
484,2014,Mumbai,2014-05-06,Mumbai Indians,Royal Challengers Bangalore,Royal Challengers Bangalore,normal,0,Mumbai Indians,19,0,RG Sharma,Wankhede Stadium,S Ravi,K Srinath,0,
485,2014,Delhi,2014-05-07,Delhi Daredevils,Kolkata Knight Riders,Delhi Daredevils,normal,0,Kolkata Knight Riders,0,8,G Gambhir,Feroz Shah Kotla,BNJ Oxenford,C Shamshuddin,1,
486,2014,Cuttack,2014-05-07,Kings XI Punjab,Chennai Super Kings,Chennai Super Kings,normal,0,Kings XI Punjab,44,0,GJ Maxwell,Barabati Stadium,HDPK Dharmasena,PG Pathak,0,
487,2014,Ahmedabad,2014-05-08,Sunrisers Hyderabad,Rajasthan Royals,Rajasthan Royals,normal,0,Sunrisers Hyderabad,32,0,B Kumar,"Sardar Patel Stadium, Motera",AK Chaudhary,NJ Llong,0,
488,2014,Bangalore,2014-05-09,Kings XI Punjab,Royal Challengers Bangalore,Royal Challengers Bangalore,normal,0,Kings XI Punjab,32,0,Sandeep Sharma,M Chinnaswamy Stadium,S Ravi,K Srinath,0,
489,2014,Delhi,2014-05-10,Delhi Daredevils,Sunrisers Hyderabad,Sunrisers Hyderabad,normal,1,Sunrisers Hyderabad,0,8,DW Steyn,Feroz Shah Kotla,RM Deshpande,BNJ Oxenford,0,
490,2014,Mumbai,2014-05-10,Mumbai Indians,Chennai Super Kings,Chennai Super Kings,normal,0,Chennai Super Kings,0,4,DR Smith,Wankhede Stadium,HDPK Dharmasena,VA Kulkarni,0,
491,2014,Cuttack,2014-05-11,Kings XI Punjab,Kolkata Knight Riders,Kolkata Knight Riders,normal,0,Kolkata Knight Riders,0,9,G Gambhir,Barabati Stadium,NJ Llong,CK Nandan,0,
492,2014,Bangalore,2014-05-11,Royal Challengers Bangalore,Rajasthan Royals,Royal Challengers Bangalore,normal,0,Rajasthan Royals,0,5,JP Faulkner,M Chinnaswamy Stadium,S Ravi,RJ Tucker,1,
493,2014,Hyderabad,2014-05-12,Sunrisers Hyderabad,Mumbai Indians,Sunrisers Hyderabad,normal,0,Mumbai Indians,0,7,AT Rayudu,"Rajiv Gandhi International Stadium, Uppal",HDPK Dharmasena,VA Kulkarni,1,
494,2014,Ranchi,2014-05-13,Rajasthan Royals,Chennai Super Kings,Rajasthan Royals,normal,0,Chennai Super Kings,0,5,RA Jadeja,JSCA International Stadium Complex,BNJ Oxenford,C Shamshuddin,1,
495,2014,Bangalore,2014-05-13,Royal Challengers Bangalore,Delhi Daredevils,Delhi Daredevils,normal,0,Royal Challengers Bangalore,16,0,Yuvraj Singh,M Chinnaswamy Stadium,K Srinath,RJ Tucker,0,
496,2014,Hyderabad,2014-05-14,Sunrisers Hyderabad,Kings XI Punjab,Kings XI Punjab,normal,0,Kings XI Punjab,0,6,WP Saha,"Rajiv Gandhi International Stadium, Uppal",VA Kulkarni,PG Pathak,0,
497,2014,Cuttack,2014-05-14,Mumbai Indians,Kolkata Knight Riders,Kolkata Knight Riders,normal,0,Kolkata Knight Riders,0,6,RV Uthappa,Barabati Stadium,AK Chaudhary,NJ Llong,0,
498,2014,Ahmedabad,2014-05-15,Rajasthan Royals,Delhi Daredevils,Delhi Daredevils,normal,0,Rajasthan Royals,62,0,AM Rahane,"Sardar Patel Stadium, Motera",S Ravi,RJ Tucker,0,
499,2014,Ranchi,2014-05-18,Chennai Super Kings,Royal Challengers Bangalore,Chennai Super Kings,normal,0,Royal Challengers Bangalore,0,5,AB de Villiers,JSCA International Stadium Complex,BNJ Oxenford,C Shamshuddin,1,
500,2014,Hyderabad,2014-05-18,Sunrisers Hyderabad,Kolkata Knight Riders,Sunrisers Hyderabad,normal,0,Kolkata Knight Riders,0,7,UT Yadav,"Rajiv Gandhi International Stadium, Uppal",NJ Llong,CK Nandan,1,
501,2014,Ahmedabad,2014-05-19,Mumbai Indians,Rajasthan Royals,Mumbai Indians,normal,0,Mumbai Indians,25,0,MEK Hussey,"Sardar Patel Stadium, Motera",S Ravi,RJ Tucker,1,
502,2014,Delhi,2014-05-19,Delhi Daredevils,Kings XI Punjab,Kings XI Punjab,normal,0,Kings XI Punjab,0,4,AR Patel,Feroz Shah Kotla,HDPK Dharmasena,PG Pathak,0,
503,2014,Hyderabad,2014-05-20,Royal Challengers Bangalore,Sunrisers Hyderabad,Royal Challengers Bangalore,normal,0,Sunrisers Hyderabad,0,7,DA Warner,"Rajiv Gandhi International Stadium, Uppal",AK Chaudhary,NJ Llong,1,
504,2014,Kolkata,2014-05-20,Chennai Super Kings,Kolkata Knight Riders,Kolkata Knight Riders,normal,0,Kolkata Knight Riders,0,8,RV Uthappa,Eden Gardens,RM Deshpande,C Shamshuddin,0,
505,2014,Chandigarh,2014-05-21,Kings XI Punjab,Mumbai Indians,Mumbai Indians,normal,0,Mumbai Indians,0,7,LMP Simmons,"Punjab Cricket Association Stadium, Mohali",HDPK Dharmasena,VA Kulkarni,0,
506,2014,Kolkata,2014-05-22,Kolkata Knight Riders,Royal Challengers Bangalore,Royal Challengers Bangalore,normal,0,Kolkata Knight Riders,30,0,RV Uthappa,Eden Gardens,AK Chaudhary,CK Nandan,0,
527,2015,Kolkata,2015-04-30,Chennai Super Kings,Kolkata Knight Riders,Kolkata Knight Riders,normal,0,Kolkata Knight Riders,0,7,AD Russell,Eden Gardens,AK Chaudhary,M Erasmus,0,
528,2015,Pune,2015-04-15,Kings XI Punjab,Delhi Daredevils,Kings XI Punjab,normal,0,Delhi Daredevils,0,5,MA Agarwal,Maharashtra Cricket Association Stadium,CB Gaffaney,K Srinath,1,
529,2015,Visakhapatnam,2015-04-16,Sunrisers Hyderabad,Rajasthan Royals,Rajasthan Royals,normal,0,Rajasthan Royals,0,6,AM Rahane,Dr. Y.S. Rajasekhara Reddy ACA-VDCA Cricket Stadium,PG Pathak,S Ravi,0,
530,2015,Mumbai,2015-04-17,Mumbai Indians,Chennai Super Kings,Mumbai Indians,normal,0,Chennai Super Kings,0,6,A Nehra,Wankhede Stadium,AK Chaudhary,M Erasmus,1,
531,2015,Visakhapatnam,2015-04-18,Delhi Daredevils,Sunrisers Hyderabad,Delhi Daredevils,normal,0,Delhi Daredevils,4,0,JP Duminy,Dr. Y.S. Rajasekhara Reddy ACA-VDCA Cricket Stadium,PG Pathak,S Ravi,1,
532,2015,Pune,2015-04-18,Kings XI Punjab,Kolkata Knight Riders,Kolkata Knight Riders,normal,0,Kolkata Knight Riders,0,4,AD Russell,Maharashtra Cricket Association Stadium,SD Fry,CK Nandan,0,
533,2015,Ahmedabad,2015-04-19,Chennai Super Kings,Rajasthan Royals,Chennai Super Kings,normal,0,Rajasthan Royals,0,8,AM Rahane,"Sardar Patel Stadium, Motera",AK Chaudhary,M Erasmus,1,
534,2015,Bangalore,2015-04-19,Mumbai Indians,Royal Challengers Bangalore,Royal Challengers Bangalore,normal,0,Mumbai Indians,18,0,Harbhajan Singh,M Chinnaswamy Stadium,RK Illingworth,VA Kulkarni,0,
535,2015,Delhi,2015-04-20,Delhi Daredevils,Kolkata Knight Riders,Kolkata Knight Riders,normal,0,Kolkata Knight Riders,0,6,UT Yadav,Feroz Shah Kotla,SD Fry,CB Gaffaney,0,
536,2015,Ahmedabad,2015-04-21,Rajasthan Royals,Kings XI Punjab,Kings XI Punjab,tie,0,Kings XI Punjab,0,0,SE Marsh,"Sardar Patel Stadium, Motera",M Erasmus,S Ravi,0,
537,2015,Visakhapatnam,2015-04-22,Sunrisers Hyderabad,Kolkata Knight Riders,Kolkata Knight Riders,normal,1,Sunrisers Hyderabad,16,0,DA Warner,Dr. Y.S. Rajasekhara Reddy ACA-VDCA Cricket Stadium,RK Illingworth,VA Kulkarni,0,
538,2015,Bangalore,2015-04-22,Chennai Super Kings,Royal Challengers Bangalore,Royal Challengers Bangalore,normal,0,Chennai Super Kings,27,0,SK Raina,M Chinnaswamy Stadium,JD Cloete,C Shamshuddin,0,
539,2015,Delhi,2015-04-23,Delhi Daredevils,Mumbai Indians,Mumbai Indians,normal,0,Delhi Daredevils,37,0,SS Iyer,Feroz Shah Kotla,SD Fry,CK Nandan,0,
540,2015,Ahmedabad,2015-04-24,Rajasthan Royals,Royal Challengers Bangalore,Royal Challengers Bangalore,normal,0,Royal Challengers Bangalore,0,9,MA Starc,"Sardar Patel Stadium, Motera",M Erasmus,S Ravi,0,
541,2015,Mumbai,2015-04-25,Mumbai Indians,Sunrisers Hyderabad,Mumbai Indians,normal,0,Mumbai Indians,20,0,SL Malinga,Wankhede Stadium,HDPK Dharmasena,CB Gaffaney,1,
542,2015,Chennai,2015-04-25,Chennai Super Kings,Kings XI Punjab,Chennai Super Kings,normal,0,Chennai Super Kings,97,0,BB McCullum,"MA Chidambaram Stadium, Chepauk",JD Cloete,C Shamshuddin,1,
543,2015,Delhi,2015-04-26,Delhi Daredevils,Royal Challengers Bangalore,Royal Challengers Bangalore,normal,0,Royal Challengers Bangalore,0,10,VR Aaron,Feroz Shah Kotla,M Erasmus,S Ravi,0,
544,2015,Chandigarh,2015-04-27,Sunrisers Hyderabad,Kings XI Punjab,Kings XI Punjab,normal,0,Sunrisers Hyderabad,20,0,TA Boult,"Punjab Cricket Association Stadium, Mohali",HDPK Dharmasena,CB Gaffaney,0,
545,2015,Kolkata,2015-05-07,Kolkata Knight Riders,Delhi Daredevils,Kolkata Knight Riders,normal,0,Kolkata Knight Riders,13,0,PP Chawla,Eden Gardens,AK Chaudhary,M Erasmus,1,
546,2015,Bangalore,2015-04-29,Royal Challengers Bangalore,Rajasthan Royals,Rajasthan Royals,no result,0,,0,0,,M Chinnaswamy Stadium,JD Cloete,PG Pathak,0,
547,2015,Chennai,2015-04-28,Chennai Super Kings,Kolkata Knight Riders,Kolkata Knight Riders,normal,0,Chennai Super Kings,2,0,DJ Bravo,"MA Chidambaram Stadium, Chepauk",RM Deshpande,VA Kulkarni,0,
548,2015,Delhi,2015-05-01,Kings XI Punjab,Delhi Daredevils,Delhi Daredevils,normal,0,Delhi Daredevils,0,9,NM Coulter-Nile,Feroz Shah Kotla,RK Illingworth,S Ravi,0,
549,2015,Mumbai,2015-05-01,Mumbai Indians,Rajasthan Royals,Rajasthan Royals,normal,0,Mumbai Indians,8,0,AT Rayudu,Wankhede Stadium,HDPK Dharmasena,CK Nandan,0,
550,2015,Bangalore,2015-05-02,Kolkata Knight Riders,Royal Challengers Bangalore,Royal Challengers Bangalore,normal,0,Royal Challengers Bangalore,0,7,Mandeep Singh,M Chinnaswamy Stadium,JD Cloete,PG Pathak,0,
551,2015,Hyderabad,2015-05-02,Sunrisers Hyderabad,Chennai Super Kings,Chennai Super Kings,normal,0,Sunrisers Hyderabad,22,0,DA Warner,"Rajiv Gandhi International Stadium, Uppal",AK Chaudhary,K Srinivasan,0,
552,2015,Chandigarh,2015-05-03,Mumbai Indians,Kings XI Punjab,Mumbai Indians,normal,0,Mumbai Indians,23,0,LMP Simmons,"Punjab Cricket Association Stadium, Mohali",RK Illingworth,VA Kulkarni,1,
553,2015,Mumbai,2015-05-03,Rajasthan Royals,Delhi Daredevils,Delhi Daredevils,normal,0,Rajasthan Royals,14,0,AM Rahane,Brabourne Stadium,HDPK Dharmasena,CB Gaffaney,0,
554,2015,Chennai,2015-05-04,Chennai Super Kings,Royal Challengers Bangalore,Chennai Super Kings,normal,0,Chennai Super Kings,24,0,SK Raina,"MA Chidambaram Stadium, Chepauk",C Shamshuddin,K Srinath,1,
555,2015,Kolkata,2015-05-04,Kolkata Knight Riders,Sunrisers Hyderabad,Sunrisers Hyderabad,normal,0,Kolkata Knight Riders,35,0,UT Yadav,Eden Gardens,AK Chaudhary,M Erasmus,0,
556,2015,Mumbai,2015-05-05,Delhi Daredevils,Mumbai Indians,Delhi Daredevils,normal,0,Mumbai Indians,0,5,Harbhajan Singh,Wankhede Stadium,HDPK Dharmasena,CB Gaffaney,1,
557,2015,Bangalore,2015-05-06,Royal Challengers Bangalore,Kings XI Punjab,Kings XI Punjab,normal,0,Royal Challengers Bangalore,138,0,CH Gayle,M Chinnaswamy Stadium,RK Illingworth,VA Kulkarni,0,
558,2015,Mumbai,2015-05-07,Sunrisers Hyderabad,Rajasthan Royals,Rajasthan Royals,normal,0,Sunrisers Hyderabad,7,0,EJG Morgan,Brabourne Stadium,JD Cloete,C Shamshuddin,0,
559,2015,Chennai,2015-05-08,Chennai Super Kings,Mumbai Indians,Chennai Super Kings,normal,0,Mumbai Indians,0,6,HH Pandya,"MA Chidambaram Stadium, Chepauk",CB Gaffaney,CK Nandan,1,
560,2015,Kolkata,2015-05-09,Kings XI Punjab,Kolkata Knight Riders,Kings XI Punjab,normal,0,Kolkata Knight Riders,0,1,AD Russell,Eden Gardens,AK Chaudhary,HDPK Dharmasena,1,
561,2015,Raipur,2015-05-09,Sunrisers Hyderabad,Delhi Daredevils,Sunrisers Hyderabad,normal,0,Sunrisers Hyderabad,6,0,MC Henriques,Shaheed Veer Narayan Singh International Stadium,VA Kulkarni,S Ravi,1,
562,2015,Mumbai,2015-05-10,Royal Challengers Bangalore,Mumbai Indians,Royal Challengers Bangalore,normal,0,Royal Challengers Bangalore,39,0,AB de Villiers,Wankhede Stadium,JD Cloete,C Shamshuddin,1,
563,2015,Chennai,2015-05-10,Chennai Super Kings,Rajasthan Royals,Chennai Super Kings,normal,0,Chennai Super Kings,12,0,RA Jadeja,"MA Chidambaram Stadium, Chepauk",M Erasmus,CK Nandan,1,
564,2015,Hyderabad,2015-05-11,Sunrisers Hyderabad,Kings XI Punjab,Sunrisers Hyderabad,normal,0,Sunrisers Hyderabad,5,0,DA Warner,"Rajiv Gandhi International Stadium, Uppal",AK Chaudhary,HDPK Dharmasena,1,
565,2015,Raipur,2015-05-12,Chennai Super Kings,Delhi Daredevils,Chennai Super Kings,normal,0,Delhi Daredevils,0,6,Z Khan,Shaheed Veer Narayan Singh International Stadium,RK Illingworth,VA Kulkarni,1,
566,2015,Chandigarh,2015-05-13,Kings XI Punjab,Royal Challengers Bangalore,Royal Challengers Bangalore,normal,0,Kings XI Punjab,22,0,AR Patel,"Punjab Cricket Association Stadium, Mohali",JD Cloete,C Shamshuddin,0,
567,2015,Mumbai,2015-05-14,Mumbai Indians,Kolkata Knight Riders,Kolkata Knight Riders,normal,0,Mumbai Indians,5,0,HH Pandya,Wankhede Stadium,RK Illingworth,VA Kulkarni,0,
568,2015,Hyderabad,2015-05-15,Sunrisers Hyderabad,Royal Challengers Bangalore,Sunrisers Hyderabad,normal,1,Royal Challengers Bangalore,0,6,V Kohli,"Rajiv Gandhi International Stadium, Uppal",AK Chaudhary,HDPK Dharmasena,1,
569,2015,Chandigarh,2015-05-16,Kings XI Punjab,Chennai Super Kings,Kings XI Punjab,normal,0,Chennai Super Kings,0,7,P Negi,"Punjab Cricket Association Stadium, Mohali",CK Nandan,C Shamshuddin,1,
570,2015,Mumbai,2015-05-16,Rajasthan Royals,Kolkata Knight Riders,Rajasthan Royals,normal,0,Rajasthan Royals,9,0,SR Watson,Brabourne Stadium,RM Deshpande,RK Illingworth,1,
571,2015,Bangalore,2015-05-17,Delhi Daredevils,Royal Challengers Bangalore,Royal Challengers Bangalore,no result,0,,0,0,,M Chinnaswamy Stadium,HDPK Dharmasena,K Srinivasan,0,
572,2015,Hyderabad,2015-05-17,Sunrisers Hyderabad,Mumbai Indians,Sunrisers Hyderabad,normal,0,Mumbai Indians,0,9,MJ McClenaghan,"Rajiv Gandhi International Stadium, Uppal",CB Gaffaney,K Srinath,1,
573,2015,Mumbai,2015-05-19,Mumbai Indians,Chennai Super Kings,Mumbai Indians,normal,0,Mumbai Indians,25,0,KA Pollard,Wankhede Stadium,HDPK Dharmasena,RK Illingworth,1,
574,2015,Pune,2015-05-20,Royal Challengers Bangalore,Rajasthan Royals,Royal Challengers Bangalore,normal,0,Royal Challengers Bangalore,71,0,AB de Villiers,Maharashtra Cricket Association Stadium,AK Chaudhary,C Shamshuddin,1,
575,2015,Ranchi,2015-05-22,Royal Challengers Bangalore,Chennai Super Kings,Chennai Super Kings,normal,0,Chennai Super Kings,0,3,A Nehra,JSCA International Stadium Complex,AK Chaudhary,CB Gaffaney,0,
576,2015,Kolkata,2015-05-24,Mumbai Indians,Chennai Super Kings,Chennai Super Kings,normal,0,Mumbai Indians,41,0,RG Sharma,Eden Gardens,HDPK Dharmasena,RK Illingworth,0,
